Journal Name,Publisher,ISSN,Impact Factor (2013),Quartile Rank,Category,Country (ISO 3166-1 alpha-2),Has Wikipedia Page?
Living Reviews in Relativity,Max-Planck Institute for Gravitational,1433-8351,16.526,1,"PHYSICS, PARTICLES & FIELDS",DE,yes
Molecular Systems Biology,European Molecular Biology Organiza,1744-4292,14.099,1,"BIOCHEMISTRY & MOLECULAR B,,",UK,yes
Living Reviews in Solar Physics,Max Planck Institute for Solar System,1614-4961,11.833,1,ASTRONOMY & ASTROPHYSICS,DE,yes
Materials Today,Elsevier,1369-7021,10.85,1,"MATERIALS SCIENCE, MULTIDISC,,",UK,yes
Studies in Mycology,Centraalbureau voor Schimmelcultur,0166-0616,9.296,1,MYCOLOGY,NL,no
Nucleic Acids Research,Oxford University Press,0305-1048,8.808,1,"BIOCHEMISTRY & MOLECULAR B  , ",UK,yes
eLife,eLife Sciences Publications Ltd,2050-084X,8.519,1,BIOLOGY,UK,yes
Physical Review X,American Physical Society,2160-3308,8.463,1,"PHYSICS, MULITDISCIPLINARY",US,yes
EMBO Molecular Medicine,Wiley,1757-4676,8.245,1,"MEDICINE, RESEARCH & EXPERI",DE,no
Theranostics,Ivyspring International Publisher,1838-7640,7.827,1,"MEDICINE, RESEARCH & EXPERI",AU,no
Journal of Psychiatry and Neuroscience,Canadian Medical Association,1180-4882,7.492,1,NEUROSCIENCES,CA,no
BMC Biology,BioMed Central,1741-7007,7.431,1,BIOLOGY,UK,yes
Emerging Infectious Diseases,Centers for Disease Control and Prev,1080-6040,7.327,1,INFECTIOUS DISEASES,US,yes
BMC Medicine,BioMed Central,1741-7015,7.276,1,"MEDICINE, GENERAL & INTERNA , ",UK,yes
Cell Reports,Elsevier,2211-1247,7.207,1,CELL BIOLOGY,US,yes
Environmental Health Perspectives,The National Institute of Environmen,0091-6765,7.029,1,"PUBLIC, ENVIRONMENTAL & OC",US,yes
Particle and Fibre Toxicology,BioMed Central,1743-8977,6.987,1,TOXICOLOGY,UK,no
mBio,American Society for Microbiology,2150-7511,6.875,1,MICROBIOLOGY,US,yes
Bulletin of the American Museum of Natural,American Museum of Natural History,0003-0090,6.64,1,ECOLOGY,US,yes
Biotechnology for Biofuels,BioMed Central,1754-6834,6.221,1,BIOTECHNOLOGY & APPLIED MI,UK,no
Clinical Epigenetics,BioMed Central,1868-7083,6.219,1,ONCOLOGY,UK,no
Geoscientific Model Development,Copernicus Publications,1991-959X,6.086,1,"GEOSCIENCES, MULITDISCIPLINARYA     G ",DE,yes
Current Issues in Molecular Biology,Horizon Scientific Press,1467-3037,6,1,BIOCHEMICAL RESEARCH METH,UK,yes
Aging Cell,Wiley,1474-9718,5.939,1,GERIATRICS & GERONTOLOGY,UK ,yes
Haematologica,Ferrata Storti Foundation,0390-6078,5.868,1,HEMATOLOGY,IT,yes
Disease Models & Mechanisms,Company of Biologists,1754-8403,5.537,1,PATHOLOGY,UK,yes
Molecular Autism,BioMed Central,2040-2392,5.486,1,NEUROSCIENCES,UK,yes
Neoplasia : An International Journal for Oncology,Elsevier,1522-8002,5.398,1,ONCOLOGY,US,yes
Molecular Cancer,BioMed Central,1476-4598,5.397,1,ONCOLOGY,UK,no
Atmospheric Chemistry and Physics,Copernicus Publications,1680-7316,5.298,1,METEOROLOGY & ATMOSPHERI,DE,yes
Molecular Neurodegeneration,BioMed Central,1750-1326,5.286,1,NEUROSCIENCES,UK,yes
Journal of Advances in Modeling Earth Systems,American Geophysical Union (AGU),1942-2466,5.149,1,METEOROLOGY & ATMOSPHERI,US,no
Bulletin of the World Health Organization,World Health Organization,0042-9686,5.112,1,"PUBLIC, ENVIRONMENTAL & OC",CH,yes
Journal of Cardiovascular Magnetic Resonanc ,BioMed Central,1097-6647,5.112,1,"RADIOLOGY, NUCLEAR MEDICIN",UK,no
Scientific Reports,Nature Publishing Group,2045-2322,5.078,1,MULITDISCIPLINARY SCIENCES,UK,yes
DNA Research,Oxford University Press,1340-2838,4.975,1,GENETICS & HEREDITY,UK,yes
Journal of Hematology & Oncology,BioMed Central,1756-8722,4.933,1,HEMATOLOGY,UK,no
Journal of Neuroinflammation,BioMed Central,1742-2094,4.902,1,NEUROSCIENCES,UK,yes
European Cells and Materials (ECM),European Cells & Materials Ltd,1473-2262,4.887,1,CELL & TISSUE ENGINEERING,CH,no
Molecular Medicine,The Feinstein Institute for Medical Re,1076-1551,4.824,1,"BIOCHEMISTRY & MOLECULAR B,,",US,yes
Retrovirology,BioMed Central,1742-4690,4.767,1,VIROLOGY,UK,yes
Pain Physician,American Society of Interventional Pa,1533-3159,4.766,1,CLINICAL NEUROLOGY,US,no
Journal of Medical Internet Research,JMIR Publications,1438-8871,4.669,1,HEALTH CARE SCIENCES & SERVI ,CA,yes
Eurosurveillance,European Centre for Disease Preventi,1560-7917,4.659,1,INFECTIOUS DISEASES,SE,yes
Annals of Family Medicine,HighWire,1544-1709,4.57,1,"MEDICINE, GENERAL & INTERNA ",US,yes
Evolutionary Applications,Wiley,1752-4571,4.569,1,EVOLUTIONARY BIOLOGY,UK,no
Open Biology,The Royal Society,2046-2441,4.556,1,"BIOCHEMISTRY & MOLECULAR B ,  ",UK,yes
Journal of Cheminformatics,BioMed Central,1758-2946,4.54,1,"COMPUTER SCIENCE, INTERDISC ",UK,yes
Genome Biology and Evolution,Oxford University Press,1759-6653,4.532,1,EVOLUTIONARY BIOLOGY,UK,no
Epigenetics & Chromatin,BioMed Central,1756-8935,4.462,1,GENETICS & HEREDITY,UK,no
Database : the Journal of Biological Database,Oxford University Press,1758-0463,4.457,1,MATHEMATICAL & COMPUTATI,UK,yes
ASN Neuro,SAGE Publications,1759-0914,4.436,1,NEUROSCIENCES,UK,no
The Cryosphere,Copernicus Publications,1994-0416,4.374,1,"GEOGRAPHY, PHYSICAL",DE,yes
International Journal of Biological Sciences,Ivyspring International Publisher,1449-2288,4.372,1,"BIOCHEMISTRY & MOLECULAR B ,  ",AU,yes
Translational Psychiatry,Nature Publishing Group,2158-3188,4.36,1,PSYCHIATRY,US,yes
Molecular Brain,BioMed Central,1756-6606,4.345,1,NEUROSCIENCES,UK,yes
Microbial Cell Factories,BioMed Central,1475-2859,4.25,1,BIOTECHNOLOGY & APPLIED MI,UK,no
Acta Dermato-Venereologica,Society for Publication of Acta Derma,0001-5555,4.244,1,DERMATOLOGY,SE,no
Journal of the International AIDS Society,International AIDS Society,1758-2652,4.207,1,IMMUNOLOGY,CH,yes
Frontiers in Neuroanatomy,Frontiers Media,1662-5129,4.176,1,ANATOMY & MORPHOLOGY,CH,no
Environmental Research Letters,Institute of Physics (IoP),1748-9326,4.09,1,METEOROLOGY & ATMOSPHERI,UK,yes
Journal of Nanobiotechnology,BioMed Central,1477-3155,4.078,1,BIOTECHNOLOGY & APPLIED MI,UK,no
BMC Genomics,BioMed Central,1471-2164,4.041,1,BIOTECHNOLOGY & APPLIED MI,UK,no
Biology Direct,BioMed Central,1745-6150,4.035,1,BIOLOGY,UK,yes
Journal of Translational Medicine,BioMed Central,1479-5876,3.991,1,"MEDICINE, RESEARCH & EXPERI",UK,yes
BMC Plant Biology,BioMed Central,1471-2229,3.942,1,PLANT SCIENCES,UK,no
Frontiers in Microbiology,Frontiers Media,1664-302X,3.941,1,MICROBIOLOGY,CH,no
Journal of Statistical Software,"University of California, Los Angeles",1548-7660,3.801,1,STATISTICS & PROBABILITY,US,yes
Tellus B,Co-Action Publishing,0280-6509,3.76,1,METEOROLOGY & ATMOSPHERI,SE,yes
Biogeosciences,Copernicus Publications,1726-4170,3.753,1,ECOLOGY,DE,no
Genetics Selection Evolution,BioMed Central,0999-193X,3.747,1,"AGRICULTURE, DAIRY & ANIMAL ,  UK",UK,no
Journal of Cellular and Molecular Medicine,Wiley,1582-4934,3.698,1,"MEDICINE, RESEARCH & EXPERI",UK,yes
International Journal of Behavioral Nutrition,BioMed Central,1479-5868,3.675,1,NUTRITION & DIETETICS,UK,no
New Journal of Physics,Institute of Physics (IoP) and Deutsch,1367-2630,3.671,1,"PHYSICS, MULITDISCIPLINARY",UK,yes
Hydrology and Earth System Sciences,Copernicus Publications,1027-5606,3.642,1,WATER RESOURCES,DE,no
Frontiers in Plant Science,Frontiers Media,1664-462X,3.637,1,PLANT SCIENCES,CH,no
ALTEX : Alternatives to Animal Experimentati,Springer,1868-596X,3.63,1,"MEDICINE, RESEARCH & EXPERI",CH,no
Deutsches Ärzteblatt International,Deutscher Ärzte-Verlag,1866-0452,3.608,1,"MEDICINE, GENERAL & INTERNA  , ",DE,yes
Cellular Physiology and Biochemistry,Karger,1015-8987,3.55,1,PHYSIOLOGY,CH,no
PLoS ONE,Public Library of Science (PLoS),1932-6203,3.534,1,MULITDISCIPLINARY SCIENCES,US,yes
Optics Express,Optical Society of America (OSA),1094-4087,3.525,1,OPTICS,US,yes
Marine Drugs,MDPI AG,1660-3397,3.512,1,"CHEMISTRY, MEDICINAL",CH,yes
Climate of the Past,Copernicus Publications,1814-9324,3.482,1,"GEOSCIENCES, MULITDISCIPLINARY",DE,no
Implementation Science,BioMed Central,1748-5908,3.47,1,HEALTH CARE SCIENCES,UK,no
Veterinary Research,BioMed Central,0928-4249,3.383,1,VETERINARY SCIENCES,UK,no
Cleveland Clinic Journal of Medicine,The Cleveland Clinic Educational Fou,0891-1150,3.37,1,MEDICINE,US,no
Nutrition & Metabolism,BioMed Central,1743-7075,3.355,1,NUTRITION & DIETETICS,UK,no
Health Reports,Statistics Canada,0840-6529,3.314,1,"PUBLIC, ENVIRONMENTAL",CA,no
Oceanography,The Oceanography Society (TOS),1042-8275,3.285,1,OCEANOGRAPHY,US,yes
Parasites & Vectors,BioMed Central,1756-3305,3.251,1,PARASITOLOGY,UK,yes
Atmospheric Measurement Techniques,Copernicus Publications,1867-1381,3.206,1,METEOROLOGY & ATMOSPHERI,DE,no
eXPRESS Polymer Letters,Budapest University of Technology,1788-618X,2.953,1,POLYMER SCIENCE,HU,no
Optical Materials Express,Optical Society of America,2159-3930,2.923,1,"MATERIALS SCIENCE, MULTIDISC ,,",US,no
Journal of Epidemiology,Japan Epidemiological Association,0917-5040,2.862,1,"PUBLIC, ENVIRONMENTAL ",JP,yes
Hematology online (ASH),American Society of Hematology,1520-4391,2.857,1,"EDUCATION, SCIENTIFIC DISCIPLI, ",US,no
BMC Systems Biology,BioMed Central,1752-0509,2.853,1,MATHEMATICAL & COMPUTATI,UK,no
Journal of Machine Learning Research,Microtome Publishing,1532-4435,2.853,1,AUTOMATION & CONTROL SYST,US,yes
Earth System Dynamics,Copernicus Publications,2190-4979,2.771,1,"GEOSCIENCES, MULITDISCIPLINARY",DE,no
Journal of Vision,Association for Research in Vision an,1534-7362,2.727,1,OPHTHALMOLOGY,US,yes
Environmental Health,BioMed Central,1476-069X,2.713,1,"PUBLIC, ENVIRONMENTAL & OC",UK,yes
BMC Bioinformatics,BioMed Central,1471-2105,2.672,1,MATHEMATICAL & COMPUTATI,UK,yes
Remote Sensing,MDPI AG,2072-4292,2.623,1,REMOTE SENSING,CH,yes
Journal of NeuroEngineering and Rehabilitation,BioMed Central,1743-0003,2.622,1,REHABILITATION,UK,no
Science and Technology of Advanced Materials,"Institute of Physics, National Institute",1468-6996,2.613,1,"MATERIALS SCIENCE, MULTIDISC ,J ",JP,yes
Plant Methods,BioMed Central,1746-4811,2.586,1,PLANT SCIENCES,UK,no
"Proceedings of the Japan Academy, Ser. B, Physical and Biological Sciences",Japan Academy,0386-2208,2.562,1,MULITDISCIPLINARY SCIENCES,JP,no
Tellus A,Co-Action Publishing,0280-6495,2.518,1,OCEANOGRAPHY,SE,yes
Acta Orthopaedica,Informa Healthcare,1745-3674,2.452,1,ORTHOPEDICS,UK,no
Chinese Medicine,BioMed Central,1749-8546,2.343,1,INTEGRATIVE & COMPLEMENTA,UK,no
Beilstein Journal of Nanotechnology,Beilstein-Institut,2190-4286,2.332,1,"PHYSICS, APPLIED",DE,no
Frontiers in Zoology,BioMed Central,1742-9994,2.304,1,ZOOLOGY,UK,yes
Frontiers in Computational Neuroscience,Frontiers Media,1662-5188,2.233,1,MATHEMATICAL & COMPUTATI,CH,no
Contributions to Zoology,Naturalis,1383-4517,2.029,1,ZOOLOGY,NL,yes
CBE : Life Sciences Education,American Society for Cell Biology,1931-7913,1.878,1,"EDUCATION, SCIENTIFIC DISCIPLI, ",US,yes
Journal of the American Board of Family Medicine,HighWire,1557-2625,1.848,1,PRIMARY HEALTH CARE,US,yes
Current Zoology,Current Zoology,1674-5507,1.814,1,ZOOLOGY,CN,no
BMC Veterinary Research,BioMed Central,1746-6148,1.743,1,VETERINARY SCIENCES,UK,no
Journal of Reproduction and Development,Society for Reproduction and Develo,0916-8818,1.635,1,"AGRICULTURE, DAIRY & ANIMAL , ",JP,no
BMC Medical Ethics,BioMed Central,1472-6939,1.6,1,MEDICAL ETHICS,UK,no
BioResources,North Carolina State University,1930-2126,1.549,1,"MATERIALS SCIENCE, PAPER &",US,no
Pakistan Veterinary Journal,"University of Agriculture, Faisalabad",0253-8318,1.392,1,VETERINARY SCIENCES,PK,no
Abstract and Applied Analysis,Hindawi Publishing Corporation,1085-3375,1.274,1,"MATHEMATICS, APPLIED",US,yes
Bulletin of the American Mathematical Society,American Mathematical Society,0273-0979,1.172,1,MATHEMATICS,US,yes
Oil & Gas Science and Technology,Institut Français du Pétrole,1294-4475,1.107,1,"ENGINEERING, PETROLEUM",FR,no
Hyle: International Journal for Philosophy of Chemistry,"HYLE Publications, Karlsruhe and Univ",1433-5158,0.7,1,"HISTORY & PHILOSOPHY OF SCIE ,,G",DE,no
Cell Death and Disease,Nature Publishing Group,2041-4889,5.177,2,CELL BIOLOGY,UK,no
Cell Communication and Signaling,BioMed Central,1478-811X,4.672,2,CELL BIOLOGY,UK,yes
Frontiers in Cellular Neuroscience,Frontiers Media,1662-5102,4.175,2,NEUROSCIENCES,CH,no
Frontiers in Behavioral Neuroscience,Frontiers Media,1662-5153,4.16,2,NEUROSCIENCES,CH,no
Neurosignals,S. Karger AG,1424-862X,4.026,2,CELL BIOLOGY,CH,no
American Journal of Cancer Research,e-Century Publishing Corporation,2156-6976,3.968,2,ONCOLOGY,US,yes
Orphanet Journal of Rare Diseases,BioMed Central,1750-1172,3.958,2,GENETICS & HEREDITY,UK,yes
BMC Medical Genomics,BioMed Central,1755-8794,3.914,2,GENETICS & HEREDITY,UK,no
Cardiovascular Diabetology,BioMed Central,1475-2840,3.706,2,CARDIAC & CARDIOVASCULAR S,UK,yes
Circulation Journal,The Japanese Circulation Society,1346-9843,3.685,2,CARDIAC & CARDIOVASCULAR S,JP,no
Neural Plasticity,Hindawi Publishing Corporation,2090-5904,3.608,2,NEUROSCIENCES,EG,yes
Molecular Pain,BioMed Central,1744-8069,3.531,2,NEUROSCIENCES,UK,yes
Biomedical Optics Express,Optical Society of America,2156-7085,3.497,2,BIOCHEMICAL RESEARCH METH,US,yes
Malaria Journal,BioMed Central,1475-2875,3.489,2,INFECTIOUS DISEASES,UK,yes
BMC Evolutionary Biology,BioMed Central,1471-2148,3.407,2,GENETICS & HEREDITY,UK,yes
Neural Development,BioMed Central,1749-8104,3.372,2,DEVELOPMENTAL BIOLOGY,UK,no
Oxidative Medicine and Cellular Longevity,Hindawi Publishing Corporation,1942-0900,3.363,2,CELL BIOLOGY,EG,no
Revista Española de Cardiología,Sociedad Española de Cardiología,0300-8932,3.342,2,CARDIAC & CARDIOVASCULAR S,ES,no
BMC Cancer,BioMed Central,1471-2407,3.319,2,ONCOLOGY,UK,no
Journal of Headache and Pain,Springer,1129-2369,3.281,2,CLINICAL NEUROLOGY,DE,no
Viruses,MDPI AG,1999-4915,3.279,2,VIROLOGY,CH,yes
Journal of Experimental & Clinical Cancer Research,BioMed Central,1756-9966,3.271,2,ONCOLOGY,UK,no
American Journal of Translational Research,e-Century Publishing Corporation,1943-8141,3.226,2,"MEDICINE, RESEARCH & EXPERI",US,yes
Cell & Bioscience,BioMed Central,2045-3701,3.21,2,BIOCHEMISTRY & MOLECULAR B ,UK,no
Standards in Genomic Sciences,Genomic Standards Consortium,1944-3277,3.167,2,MICROBIOLOGY,US,no
Nutrients,MDPI AG,2072-6643,3.148,2,NUTRITION & DIETETICS,CH,yes
EvoDevo,BioMed Central,2041-9139,3.104,2,DEVELOPMENTAL BIOLOGY,UK,no
"Drug Design, Development and Therapy",Dove Medical Press Ltd,1177-8881,3.026,2,PHARMACOLOGY & PHARMACY,UK,yes
BMC Microbiology,BioMed Central,1471-2180,2.976,2,MICROBIOLOGY,UK,no
Epilepsy Currents,Blackwell,1535-7597,2.952,2,CLINICAL NEUROLOGY,US,yes
Frontiers in Neural Circuits,Frontiers Media,1662-5110,2.95,2,NEUROSCIENCES,CH,no
ChemistryOpen,Wiley,2191-1363,2.938,2,"CHEMISTRY, MULITDISCIPLINARYAR",DE,no
Clinical and Developmental Immunology,Hindawi Publishing Corporation,1740-2522,2.934,2,IMMUNOLOGY,US,no
Blood Cancer Journal,Nature Publishing Group,2044-5385,2.884,2,ONCOLOGY,UK,no
Journal of the American Heart Association : Cardiovascular and Cerebrovascular Disease,Wiley,2047-9980,2.882,2,CARDIAC & CARDIOVASCULAR SURGERY,US,yes
Drug Metabolism and Pharmacokinetics,Japanese Society for the Study of Xen,1347-4367,2.863,2,PHARMACOLOGY & PHARMACY,JP,no
Beilstein Journal of Organic Chemistry,Beilstein-Institut,1860-5397,2.82,2,"CHEMISTRY, ORGANIC",DE,yes
Journal of Atherosclerosis and Thrombosis,Japan Atherosclerosis Society,1340-3478,2.77,2,PERIPHERAL VASCULAR DISEASE,JP,no
BMC Developmental Biology,BioMed Central,1471-213X,2.752,2,DEVELOPMENTAL BIOLOGY,UK,no
Journal of Biomedical Science,BioMed Central,1021-7770,2.736,2,"MEDICINE, RESEARCH & EXPERI",UK,yes
International Journal of COPD,Dove Medical Press,1176-9106,2.732,2,RESPIRATORY SYSTEM,UK,no
Journal of Physiology and Pharmacology,Krakow Polish Physiological Society,0867-5910,2.72,2,PHYSIOLOGY,PO,no
Ecology and Society,The Resilience Alliance,1708-3087,2.669,2,ECOLOGY,CA,yes
Molecular Cytogenetics,BioMed Central,1755-8166,2.662,2,GENETICS & HEREDITY,UK,no
Geochemical Transactions,BioMed Central,1467-4866,2.647,2,GEOCHEMISTRY & GEOPHYSICS,UK,no
Nutrition Journal,BioMed Central,1475-2891,2.635,2,NUTRITION & DIETETICS,UK,no
Advances in High Energy Physics,Hindawi Publishing Corporation,1687-7357,2.624,2,"PHYSICS, PARTICLES & FIELDS",EG,yes
BMC Biotechnology,BioMed Central,1472-6750,2.592,2,BIOTECHNOLOGY & APPLIED MI,UK,no
BMC Infectious Diseases,BioMed Central,1471-2334,2.561,2,INFECTIOUS DISEASES,UK,no
Asian Journal of Andrology,Medknow Publications and Media Pv,1008-682X,2.53,2,ANDROLOGY,IN,yes
Journal of Space Weather and Space Climate,EDP Sciences,2115-7251,2.519,2,ASTRONOMY & ASTROPHYSICS,FR,no
Polymers,MDPI AG,2073-4360,2.505,2,POLYMER SCIENCE,CH,no
BMC Neurology,BioMed Central,1471-2377,2.486,2,CLINICAL NEUROLOGY,UK,no
Toxins,MDPI AG,2072-6651,2.48,2,TOXICOLOGY,CH,no
World Journal of Gastroenterology,Baishideng Publishing Group Co. Limi,1007-9327,2.433,2,GASTROENTEROLOGY & HEPAT,CN,yes
Diagnostic Pathology,BioMed Central,1746-1596,2.411,2,PATHOLOGY,UK,no
Biochemia Medica,"Medicinska naklada, Zagreb",1330-0962,2.4,2,MEDICAL LABORATORY TECHNO ,HR,no
Radiation Oncology,BioMed Central,1748-717X,2.36,2,"RADIOLOGY, NUCLEAR MEDICIN",UK,no
International Journal of Molecular Sciences,MDPI AG,1422-0067,2.339,2,"CHEMISTRY, MULITDISCIPLINARYAR",CH,yes
BMC Public Health,BioMed Central,1471-2458,2.321,2,"PUBLIC, ENVIRONMENTAL & OC",UK,no
Platinum Metals Review,Johnson Matthey,0032-1400,2.294,2,"CHEMISTRY, PHYSICAL",UK,yes
Nano-Micro Letters,Open Access House of Science and Te,2150-5551,2.275,2,NANOSCIENCE & NANOTECHNO,US,no
BMC Psychiatry,BioMed Central,1471-244X,2.237,2,PSYCHIATRY,UK,no
Evidence-Based Complementary and Alternat,Hindawi Publishing Corporation,1741-427X,2.175,2,INTEGRATIVE & COMPLEMENTA,UK,yes
BMC Medical Research Methodology,BioMed Central,1471-2288,2.168,2,HEALTH CARE SCIENCES & SERVI ,UK,no
Solid Earth,Copernicus Publications,1869-9510,2.155,2,GEOCHEMISTRY & GEOPHYSICS,DE,no
BMC Pregnancy and Childbirth,BioMed Central,1471-2393,2.152,2,OBSTETRICS & GYNECOLOGY,UK,no
Neurosurgical Focus,American Association of Neurological Surgeons,1092-0684,2.135,2,SURGERY,US,no
Health and Quality of Life Outcomes,BioMed Central,1477-7525,2.099,2,HEALTH CARE SCIENCES & SERVI ,UK,no
BMJ Open,BMJ Journals,2044-6055,2.063,2,"MEDICINE, GENERAL & INTERNAL MEDICINE",UK,no
Polish Archives of Internal Medicine,Medycyna Praktyczna,0032-3772,2.052,2,"MEDICINE, GENERAL & INTERNA , ,",PO,no
Sensors,MDPI AG,1424-8220,2.048,2,"CHEMISTRY, ANALYTICAL",CH,yes
International Journal of Environmental Research,MDPI AG,1660-4601,1.993,2,ENVIRONMENTAL SCIENCES,CH,yes
Ocean Science (OS),Copernicus Publications,1812-0784,1.962,2,OCEANOGRAPHY,DE,yes
Preventing Chronic Disease,National Center for Chronic Disease P,1545-1151,1.956,2,"PUBLIC, ENVIRONMENTAL & OC",US,yes
Journal of Biosciences,Indian Academy of Sciences,0250-5991,1.939,2,BIOLOGY,IN,yes
BMC Urology,BioMed Central,1471-2490,1.937,2,UROLOGY & NEPHROLOGY,UK,no
Journal of Ophthalmology,Hindawi Publishing Corporation,2090-004X,1.935,2,OPHTHALMOLOGY,EG,no
"Scandinavian Journal of Trauma, Resuscitation and Emergency Medicine",BioMed Central,1757-7241,1.926,2,EMERGENCY MEDICINE,UK,no
BMC Pediatrics,BioMed Central,1471-2431,1.918,2,PEDIATRICS,UK,no
Archives of Medical Science,Termedia Publishing House,1734-1922,1.89,2,"MEDICINE, GENERAL & INTERNA ",PO,no
Materials,MDPI AG,1996-1944,1.879,2,"MATERIALS SCIENCE, MULTIDISC , ",CH,yes
BMC Complementary and Alternative Medicine,BioMed Central,1472-6882,1.877,2,INTEGRATIVE & COMPLEMENTA,UK,no
Swiss Medical Weekly,EMH Swiss Medical Publishers,1424-7860,1.877,2,"MEDICINE, GENERAL & INTERNA ",CH,yes
Gold Bulletin,Springer,0017-1557,1.84,2,MATERIALS SCIENCE,UK,no
Globalization and Health,BioMed Central,1744-8603,1.833,2,"PUBLIC, ENVIRONMENTAL & OC",UK,yes
Journal of Foot and Ankle Research,BioMed Central,1757-1146,1.831,2,ORTHOPEDICS,UK,no
Natural Hazards and Earth System Sciences,Copernicus Publications,1561-8633,1.826,2,WATER RESOURCES,DE,no
"Marine and Coastal Fisheries : Dynamics, Management, and Ecosystem Science",American Fisheries Society,1942-5120,1.81,2,MARINE & FRESHWATER BIOLOGY,US,no
Korean Journal of Radiology,Korean Radiological Society,1229-6929,1.807,2,"RADIOLOGY, NUCLEAR MEDICIN",KR,no
BMC Palliative Care,BioMed Central,1472-684X,1.787,2,HEALTH CARE SCIENCES & SERVI ,UK,no
Fishery Bulletin,U.S. National Marine Fisheries Servic,0090-0656,1.783,2,FISHERIES,US,yes
BioMedical Engineering OnLine,BioMed Central,1475-925X,1.746,2,"ENGINEERING, BIOMEDICAL",UK,no
AoB Plants,Oxford University Press,2041-2851,1.743,2,PLANT SCIENCES,UK,yes
BMC Family Practice,BioMed Central,1471-2296,1.735,2,"MEDICINE, GENERAL & INTERNA  ,",UK,no
Mediterranean Marine Science,Hellenic Centre for Marine Research,1108-393X,1.734,2,MARINE & FRESHWATER BIOLOGY,GR,no
Acta Palaeontologica Polonica,Polish Academy of Sciences,0567-7920,1.722,2,PALEONTOLOGY,PO,yes
South African Medical Journal,Health and Medical Publishing Group,0256-9574,1.712,2,"MEDICINE, GENERAL & INTERNA S A, ,S A ",ZA,yes
Upsala Journal of Medical Sciences,Upsala Medical Society,0300-9734,1.708,2,"MEDICINE, GENERAL & INTERNA  ,",SE,no
Journal of Radiation Research,Oxford University Press,0449-3060,1.691,2,"RADIOLOGY, NUCLEAR MEDICIN",JP,yes
Journal of Rehabilitation Research and Devel,Rehabilitation Research and Develop,0748-7711,1.688,2,REHABILITATION,US,no
Polar Research,Co-Action Publishing,0800-0395,1.686,2,OCEANOGRAPHY,SE,yes
Annales Geophysicae,Copernicus Publications,0992-7689,1.676,2,"GEOSCIENCES, MULITDISCIPLINARY",DE,no
Chemistry Central Journal,BioMed Central,1752-153X,1.663,2,"CHEMISTRY, MULITDISCIPLINARYAR",UK,no
Global Health Action,Co-Action Publishing,1654-9880,1.646,2,"PUBLIC, ENVIRONMENTAL & OC",SE,yes
American Museum Novitates,American Museum of Natural History,0003-0082,1.636,2,BIODIVERSITY CONSERVATION,US,yes
Pediatric Rheumatology,BioMed Central,1546-0096,1.622,2,PEDIATRICS,UK,no
Reproductive Health,BioMed Central,1742-4755,1.616,2,"PUBLIC, ENVIRONMENTAL & OC",UK,no
AIP Advances,AIP Publishing LLC,2158-3226,1.59,2,"PHYSICS, APPLIED",US,yes
Physical Review Special Topics. Physics Education Research,American Physical Society,1554-9178,1.573,2,"EDUCATION, SCIENTIFIC DISCIPLI ,",US,no
Memórias do Instituto Oswaldo Cruz.,"Instituto Oswaldo Cruz, Ministério da",0074-0276,1.566,2,TROPICAL MEDICINE,BR,no
Entropy,MDPI AG,1099-4300,1.564,2,"PHYSICS, MULITDISCIPLINARY",CH,yes
International Journal of Medical Sciences,Ivyspring International Publisher,1449-1907,1.552,2,"MEDICINE, GENERAL & INTERNA  ",AU,yes
BioData Mining,BioMed Central,1756-0381,1.535,2,MATHEMATICAL & COMPUTATI,UK,no
Science China Life Sciences,Springer,1674-7305,1.512,2,BIOLOGY,DE,no
Journal of Athletic Training,The National Athletic Trainers' Associ,1062-6050,1.509,2,SPORT SCIENCES,US,no
BMC Medical Informatics and Decision Making,BioMed Central,1472-6947,1.496,2,MEDICAL INFORMATICS,UK,no
Bulletin of Geosciences,Czech Geological Survey,1214-1119,1.495,2,"GEOSCIENCES, MULITDISCIPLINARYA,, ",CZ,yes
Patient Preference and Adherence,Dove Medical Press,1177-889X,1.491,2,"MEDICINE, GENERAL & INTERNA  , ",UK,yes
Koedoe : African Protected Area Conservation,AOSIS OpenJournals,0075-6458,1.486,2,BIODIVERSITY CONSERVATION,ZA,yes
Geologica Acta,Universidad de Barcelona,1695-6133,1.483,2,GEOLOGY,ES,yes
Turkish Journal of Earth Sciences,Scientific and Technical Research Cou,1300-0985,1.474,2,"GEOSCIENCES, MULITDISCIPLINARYA,,",TR,no
Silva Fennica,"Finnish Society of Forest Science, Fin",0037-5330,1.47,2,FORESTRY,FI,no
Computational Linguistics,MIT Press,0891-2017,1.468,2,"COMPUTER SCIENCE, ARTIFICIAL   ,",UK,yes
Acta Otorhinolaryngologica Italica,Pacini Editore SpA,0392-100X,1.439,2,OTORHINOLARYNGOLOGY,IT,no
Clinics,Faculdade de Medicina / USP,1807-5932,1.422,2,"MEDICINE, GENERAL & INTERNA  ",BR,no
BMC Medical Education,BioMed Central,1472-6920,1.409,2,"EDUCATION, SCIENTIFIC DISCIPLI ,",UK,no
Canadian Family Physician,College of Family Physicians of Canad,0008-350X,1.403,2,"MEDICINE, GENERAL & INTERNA , ",CA,yes
Journal of Minimal Access Surgery,Medknow Publications,0972-9941,1.374,2,SURGERY,IN,yes
Croatian Medical Journal,"Medicinska Naklada,  Zagreb",0353-9504,1.373,2,"MEDICINE, GENERAL & INTERNA ",HR,no
Palaeontologia Electronica,Coquina Press,1935-3952,1.365,2,PALEONTOLOGY,US,no
Breeding Science,Japanese Society of Breeding,1344-7610,1.342,2,PLANT SCIENCES,JP,no
"Symmetry, integrability and Geometry: Methods and Applications",National Academy of Science of Ukrai,1815-0659,1.299,2,"PHYSICS, MATHEMATICAL",UA,no
Water,MDPI AG,2073-4441,1.291,2,WATER RESOURCES,CH,no
Angle Orthodontist,E.H Angle Education and Research Fo,0003-3219,1.277,2,"DENTISTRY, ORAL SURGERY & M ",US,yes
Experimental Animals,Japanese Association for Laboratory,1341-1357,1.172,2,ZOOLOGY,JP,no
Revista Romana de Bioetica,Colegiul Medicilor Iasi,1583-5170,1.17,2,MEDICAL ETHICS,RO,no
iForest : Biogeosciences and Forestry,Italian Society of Silviculture and Fore,1971-7458,1.15,2,FORESTRY,IT,no
International Agrophysics,Institute of Agrophysics,0236-8722,1.142,2,AGRONOMY,PL,no
Journal of Veterinary Science,Korean Society of Veterinary Science,1229-845X,1.142,2,VETERINARY SCIENCES,KR,yes
Forests,MDPI AG,1999-4907,1.139,2,FORESTRY,CH,no
"Journal of Mining and Metallurgy, Section B :","Technical Faculty, Bor",1450-5339,1.135,2,METALLURGY & METALLURGICA ,RS,yes
"Plant, Soil and Environment",Czech Academy of Agricultural Scienc,1214-1178,1.113,2,AGRONOMY,CZ,no
Mathematical Problems in Engineering,Hindawi Publishing Corporation,1024-123X,1.082,2,"MATHEMATICS, INTERDISCIPLIN",US,no
Arthropod Systematics & Phylogeny,"Museum für Tierkunde, Dresden",1863-7221,1.062,2,ENTOMOLOGY,DE,no
Florida entomologist,Florida Entomological Society,0015-4040,1.056,2,ENTOMOLOGY,US,no
South African Journal of Science,Academy of Science of South Africa,0038-2353,1.031,2,MULITDISCIPLINARY SCIENCES,ZA,yes
Electronic Journal of Statistics,Institute of Mathematical Statistics,1935-7524,1.024,2,STATISTICS & PROBABILITY,US,yes
California Agriculture,"University of California, Los Angeles",0008-0845,1.021,2,"AGRICULTURE, MULITDISCIPLINARY",US,yes
Agricultural and Food Science,The Scientific Agricultural Society of F,1459-6067,1,2,"AGRICULTURE, MULITDISCIPLINARY",FI,no
Bulletin of the Polish Academy of Sciences : Technical Sciences,Polish Academy of Sciences,0239-7528,1,2,"ENGINEERING, MULITDISCIPLINARY",PO,no
Journal of Hymenoptera Research,Pensoft Publishers,1070-9428,0.966,2,ENTOMOLOGY,BG,yes
Journal of Official Statistics,Statistics Sweden,0282-423X,0.965,2,STATISTICS & PROBABILITY,SE,yes
SORT,Statistical Institute of Catalonia (Idesc,1696-2281,0.962,2,STATISTICS & PROBABILITY,ES,yes
Thermal Science,VINČA Institute of Nuclear Sciences,0354-9836,0.962,2,THERMODYNAMICS,RS,no
Revista da Sociedade Brasileira de Medicina Tropical,Sociedade Brasileira de Medicina Tro,0037-8682,0.942,2,TROPICAL MEDICINE,BR,no
Scientia Agricola,Escola Superior de Agricultura,0103-9016,0.924,2,"AGRICULTURE, MULITDISCIPLINARY",BR,no
Journal of Insect Science,University of Wisconsin,1536-2442,0.921,2,ENTOMOLOGY,US,yes
Symmetry,MDPI AG,2073-8994,0.918,2,MULITDISCIPLINARY SCIENCES,CH,no
Nonlinear Analysis : Modelling and Control,Institute of Mathematics and Informa,1392-5113,0.914,2,"MATHEMATICS, APPLIED",LT,no
The R Journal,The R Foundation for Statistical Comp,2073-4859,0.895,2,STATISTICS & PROBABILITY,AT,no
Electronic Transactions on Numerical Analysis,Kent State University Library,1068-9613,0.894,2,"MATHEMATICS, APPLIED",US,no
Discrete Dynamics in Nature and Society,Hindawi Publishing Corporation,1026-0226,0.882,2,MULITDISCIPLINARY SCIENCES,EG,no
Anais da Academia Brasileira de Ciências,Academia Brasileira de Ciências,0001-3765,0.875,2,MULITDISCIPLINARY SCIENCES,BR,no
Animal Science Papers and Reports,Polish Academy of Sciences,0860-4037,0.814,2,"AGRICULTURE, DAIRY & ANIMAL ",PO,no
Indian Journal of Fibre & Textile Research,NISCAIR,0971-0426,0.778,2,"MATERIALS SCIENCE, TEXTILES",IN,no
Journal of Engineered Fibers and Fabrics,"INDA, Association of the Nonwovens",1558-9250,0.778,2,"MATERIALS SCIENCE, TEXTILES",US,no
Metalurgija,Croatian Metallurgical Society,0543-5846,0.755,2,METALLURGY & METALLURGICA ,HR,no
Filomat,University of Nis,0354-5180,0.753,2,MATHEMATICS,RS,no
Ciência e Agrotecnologia,Universidade Federal de Lavras,1413-7054,0.726,2,"AGRICULTURE, MULITDISCIPLINARY",BR,no
Applicable Analysis and Discrete Mathematics,University of Belgrade and Academic,1452-8630,0.708,2,MATHEMATICS,RS,no
Pesquisa Agropecuária Brasileira,EMBRAPA,0100-204X,0.676,2,"AGRICULTURE, MULITDISCIPLINARY",BR,no
Annales Academiae Scientiarum Fennicae. Mathematica,Academia Scientiarum Fennica,1239-629X,0.648,2,MATHEMATICS,FI,yes
Electronic Journal of Qualitative Theory of Differential Equations,"University of Szeged, Bolyai Institute",1417-3875,0.638,2,MATHEMATICS,HU,no
Electronic Research Announcements in Math,American Mathematical Society,1935-9179,0.625,2,MATHEMATICS,US,
Frontiers in Human Neuroscience,Frontiers Media,1662-5161,2.895,3,NEUROSCIENCES,CH,
Bioscience Reports,"Portland Press, Biochemical Society",0144-8463,2.853,3,CELL BIOLOGY,UK,
BMC Neuroscience,BioMed Central,1471-2202,2.845,3,NEUROSCIENCES,UK,
BMC Cell Biology,BioMed Central,1471-2121,2.844,3,CELL BIOLOGY,UK,
Frontiers in Aging Neuroscience,Frontiers Media,1663-4365,2.843,3,NEUROSCIENCES,CH,
Cancer Control : Journal of the Moffitt Cancer,Moffitt Cancer Center,1073-2748,2.655,3,ONCOLOGY,US,
Journal of Investigational Allergology and Clin,ESMON Publicidad,1018-9068,2.642,3,IMMUNOLOGY,ES,
Journal of Cancer,Ivyspring International Publisher,1837-9664,2.639,3,ONCOLOGY,AU,
Cell Division,BioMed Central,1747-1028,2.625,3,CELL BIOLOGY,UK,
"G3 : Genes, Genomes, Genetics",Genetics Society of America,2160-1836,2.511,3,GENETICS & HEREDITY,US,
Diabetology & Metabolic Syndrome,BioMed Central,1758-5996,2.5,3,ENDOCRINOLOGY & METABOLIS ,UK,
BMC Pulmonary Medicine,BioMed Central,1471-2466,2.489,3,RESPIRATORY SYSTEM,UK,
Experimental and Molecular Medicine EMM,Korean Society of Medical Biochemist,1226-3613,2.462,3,"BIOCHEMISTRY & MOLECULAR B ,",KR,
BMC Medical Genetics,BioMed Central,1471-2350,2.45,3,GENETICS & HEREDITY,UK,
Mobile DNA,BioMed Central,1759-8753,2.429,3,GENETICS & HEREDITY,UK,
Mediators of Inflammation,Hindawi Publishing Corporation,0962-9351,2.417,3,IMMUNOLOGY,US,
Reproductive Biology and Endocrinology,BioMed Central,1477-7827,2.409,3,ENDOCRINOLOGY & METABOLIS ,UK,
The Journal of Musculoskeletal and Neuronal,International Society of Musculoskele,1108-7161,2.4,3,NEUROSCIENCES,GR,
BMC Genetics,BioMed Central,1471-2156,2.356,3,GENETICS & HEREDITY,UK,
Cell Structure and Function,Japan Society for Cell Biology,0386-7196,2.35,3,CELL BIOLOGY,JP,
Immunity & Ageing,BioMed Central,1742-4933,2.316,3,IMMUNOLOGY,UK,
Lipids in Health and Disease,BioMed Central,1476-511X,2.31,3,NUTRITION & DIETETICS,UK,
Journal of the Renin-Angiotensin-Aldosteron,SAGE Publications,1470-3203,2.271,3,PERIPHERAL VASCULAR DISEASE,US,
BMC Immunology,BioMed Central,1471-2172,2.246,3,IMMUNOLOGY,UK,
Molecular Vision,Molecular Vision,1090-0535,2.245,3,"BIOCHEMISTRY & MOLECULAR B ,,",US,
Acta Neurobiologiae Experimentalis,Nencki Institute of Experimental Biol,0065-1400,2.244,3,NEUROSCIENCES,PO,
European Journal of Histochemistry,PAGEPress Publications,1121-760X,2.237,3,CELL BIOLOGY,IT,
BMC Structural Biology,BioMed Central,1472-6807,2.222,3,BIOPHYSICS,UK,
Journal of Inflammation,BioMed Central,1476-9255,2.216,3,IMMUNOLOGY,UK,
BMC Biophysics,BioMed Central,2046-1682,2.175,3,BIOPHYSICS,UK,
Disease Markers,Hindawi Publishing Corporation,0278-0240,2.174,3,GENETICS & HEREDITY,EG,
Pharmacological Reports,"Inst. of Pharmacology, Polish Acad. of",1734-1140,2.165,3,PHARMACOLOGY & PHARMACY,PO,
Neuropsychiatric Disease and Treatment,Dove Medical Press,1176-6328,2.154,3,CLINICAL NEUROLOGY,UK,
Trials,BioMed Central,1745-6215,2.117,3,"MEDICINE, RESEARCH & EXPERI",UK,
Journal of Pharmacological Sciences,The Japanese Pharmacological Societ,1347-8613,2.114,3,PHARMACOLOGY & PHARMACY,JP,
BMC Gastroenterology,BioMed Central,1471-230X,2.113,3,GASTROENTEROLOGY & HEPAT,UK,
Parkinson's Disease,Hindawi Publishing Corporation,2090-8083,2.098,3,CLINICAL NEUROLOGY,US,
Molecules,MDPI AG,1420-3049,2.095,3,"CHEMISTRY, ORGANIC",CH,
Virology Journal,BioMed Central,1743-422X,2.089,3,VIROLOGY,UK,
Infectious Agents and Cancer,BioMed Central,1750-9378,2.071,3,ONCOLOGY,UK,
Gut Pathogens,BioMed Central,1757-4749,2.07,3,GASTROENTEROLOGY & HEPAT,UK,
BMC Molecular Biology,BioMed Central,1471-2199,2.057,3,"BIOCHEMISTRY & MOLECULAR B ,",UK,
Journal of Ovarian Research,BioMed Central,1757-2215,2.03,3,REPRODUCTIVE BIOLOGY,UK,
Archaea,Hindawi Publishing Corporation,1472-3646,2.027,3,MICROBIOLOGY,EG,
Endocrine Journal,The Japan Endocrine Society,0918-8959,2.019,3,ENDOCRINOLOGY & METABOLIS ,JP,
Behavioral and Brain Functions,BioMed Central,1744-9081,2,3,NEUROSCIENCES,UK,
BMC Geriatrics,BioMed Central,1471-2318,2,3,GERIATRICS & GERONTOLOGY,UK,
Cancer Cell International,BioMed Central,1475-2867,1.989,3,ONCOLOGY,UK,
BMB Reports,Korean Society for Biochemistry and,1976-6696,1.988,3,BIOCHEMISTRY & MOLECULAR B ,KR,
Journal of Ethnobiology and Ethnomedicine,BioMed Central,1746-4269,1.978,3,PHARMACOLOGY & PHARMACY,UK,
International Journal of Electrochemical Scie,Electrochemical Science Group,1452-3981,1.956,3,ELECTROCHEMISTRY,RS,
BMC Biochemistry,BioMed Central,1471-2091,1.938,3,BIOCHEMISTRY & MOLECULAR B,UK,
Blood Transfusion,SIMTI Servizi srl,1723-2007,1.901,3,HEMATOLOGY,IT,
BMC Musculoskeletal Disorders,BioMed Central,1471-2474,1.898,3,RHEUMATOLOGY,UK,
Proteome Science,BioMed Central,1477-5956,1.878,3,BIOCHEMICAL RESEARCH METH,UK,
Algorithms for Molecular Biology,BioMed Central,1748-7188,1.857,3,BIOCHEMICAL RESEARCH METH,UK ,
Functional Neurology,CIC Edizioni Internazionali,0393-5264,1.855,3,NEUROSCIENCES,IT,
AIDS Research and Therapy,BioMed Central,1742-6405,1.841,3,INFECTIOUS DISEASES,UK ,
Clinical Interventions in Aging,Dove Medical Press,1176-9092,1.824,3,GERIATRICS & GERONTOLOGY,UK,
Kidney and Blood Pressure Research,S. Karger AG,1420-4096,1.82,3,PERIPHERAL VASCULAR DISEASE,CH,
Food & Nutrition Research,Co-Action Publishing,1654-6628,1.785,3,NUTRITION & DIETETICS,SE,
International Journal of Clinical and Experime,e-Century Publishing Corporation,1936-2625,1.783,3,PATHOLOGY,US,
Obesity Facts,S. Karger AG,1662-4025,1.705,3,NUTRITION & DIETETICS,DE,
Nonlinear Processes in Geophysics,Copernicus Publications,1023-5809,1.692,3,GEOCHEMISTRY & GEOPHYSICS,DE,
Journal of Pharmacy and Pharmaceutical Scie,Canadian Society for Pharmaceutical,1482-1826,1.681,3,PHARMACOLOGY & PHARMACY,CA,
BMC Endocrine Disorders,BioMed Central,1472-6823,1.673,3,ENDOCRINOLOGY & METABOLIS ,UK,
Folia Neuropathologica,Termedia Publishing House,1641-4640,1.667,3,PATHOLOGY,PO,
Bioinorganic Chemistry and Applications,Hindawi Publishing Corporation,1565-3633,1.661,3,"CHEMISTRY, INORGANIC & NUC",EG,
BMC Health Services Research,BioMed Central,1472-6963,1.659,3,HEALTH CARE SCIENCES & SERVI ,UK,
Ecology and Evolution,Wiley,2045-7758,1.658,3,ECOLOGY,UK,
BMC Women's Health,BioMed Central,1472-6874,1.657,3,OBSTETRICS & GYNECOLOGY,UK,
PPAR Research,Hindawi Publishing Corporation,1687-4757,1.644,3,"MEDICINE, RESEARCH & EXPERI",EG,
Revista Brasileira de Psiquiatria,Associação Brasileira de Psiquiatria -,1516-4446,1.638,3,PSYCHIATRY,BR,
Journal of Nanomaterials,Hindawi Publishing Corporation,1687-4110,1.611,3,NANOSCIENCE & NANOTECHNO,EG,
Energies,MDPI AG,1996-1073,1.602,3,ENERGY & FUELS,CH,
Journal of Orthopaedic Surgery and Research,BioMed Central,1749-799X,1.577,3,ORTHOPEDICS,UK,
Annals of General Psychiatry,BioMed Central,1744-859X,1.532,3,PSYCHIATRY,UK,
BMC Nephrology,BioMed Central,1471-2369,1.52,3,UROLOGY & NEPHROLOGY,UK,
Physical Review Special Topics. Accelerators a,American Physical Society,1098-4402,1.517,3,"PHYSICS, NUCLEAR",US,
Annals of Clinical Microbiology and Antimicro,BioMed Central,1476-0711,1.514,3,MICROBIOLOGY,UK ,
BMC Cardiovascular Disorders,BioMed Central,1471-2261,1.5,3,CARDIAC & CARDIOVASCULAR S,UK,
Journal of the International Society of Sports,BioMed Central,1550-2783,1.5,3,NUTRITION & DIETETICS,US,
Tobacco Induced Diseases,BioMed Central,1617-9625,1.5,3,SUBSTANCE ABUSE,UK,
Noise and Health,Medknow Publications,1463-1741,1.43,3,"PUBLIC, ENVIRONMENTAL & OC",UK,
Diagnostic and Interventional Radiology,AVES Yayincilik,1305-3825,1.427,3,"RADIOLOGY, NUCLEAR MEDICIN",TR,
International Journal of Clinical and Experime,e-Century Publishing Corporation,1940-5901,1.422,3,"MEDICINE, RESEARCH & EXPERI",US,
Analytical Sciences,The Japan Society for Analytical Che,0910-6340,1.403,3,"CHEMISTRY, ANALYTICAL",JP,
Advances in Meteorology,Hindawi Publishing Corporation,1687-9309,1.348,3,METEOROLOGY & ATMOSPHERI,EG,
Therapeutics and Clinical Risk Management,Dove Medical Press,1176-6336,1.343,3,HEALTH CARE SCIENCES & SERVI ,UK,
Tropical Conservation Science,Mongabay.com,1940-0829,1.329,3,BIODIVERSITY CONSERVATION,US,
Advances in Astronomy,Hindawi Publishing Corporation,1687-7969,1.328,3,ASTRONOMY & ASTROPHYSICS,EG,
"Indian Journal of Dermatology, Venereology",Medknow Publications,0378-6323,1.325,3,DERMATOLOGY,IN,
International Journal of Polymer Science,Hindawi Publishing Corporation,1687-9422,1.322,3,POLYMER SCIENCE,EG,
Journal of the Meteorological Society of Japa,Meteorological Society of Japan,0026-1165,1.318,3,METEOROLOGY & ATMOSPHERI,JP,
International Journal of Circumpolar Health,Co-Action Publishing,1239-9736,1.299,3,"PUBLIC, ENVIRONMENTAL & OC",FI,
Micromachines,MDPI AG,2072-666X,1.286,3,"INSTRUMENTS & INSTRUMENTA ,,S ",CH,
Cardiovascular Ultrasound,BioMed Central,1476-7120,1.283,3,CARDIAC & CARDIOVASCULAR S,UK,
Tohoku Journal of Experimental Medicine,Tohoku University Medical Press,0040-8727,1.283,3,"MEDICINE, RESEARCH & EXPERI",JP,
International Journal of Speleology,Società Speleologica Italiana,0392-6672,1.275,3,"GEOSCIENCES, MULITDISCIPLINARYA , , I ",IT,
Theoretical Biology and Medical Modelling,BioMed Central,1742-4682,1.265,3,MATHEMATICAL & COMPUTATI,UK,
Yonsei Medical Journal,Yonsei University College of Medicine,0513-5796,1.263,3,"MEDICINE, GENERAL & INTERNA ",KR,
International Journal of Integrated Care,"Utrecht University, Maastricht Univer",1568-4156,1.261,3,HEALTH CARE SCIENCES & SERVI ,NL,
Journal of Korean Medical Science,Korean Academy of Medical Sciences,1011-8934,1.253,3,"MEDICINE, GENERAL & INTERNA ",KR,
Journal of the Brazilian Chemical Society,"Sociedade Brasileira de Química, SBQ",0103-5053,1.253,3,"CHEMISTRY, MULITDISCIPLINARYAR",BR,
Gaceta Sanitaria,"Ediciones Doyma, S.L.",0213-9111,1.25,3,"PUBLIC, ENVIRONMENTAL & OC",ES,
Norwegian Journal of Geology,Norwegian Geological Society (Norsk,0029-196X,1.25,3,"GEOSCIENCES, MULITDISCIPLINARYA,N,S, ",NO,
Scientia Marina,Institut de Ciències del Mar de Barcel,0214-8358,1.247,3,MARINE & FRESHWATER BIOLOGY,ES,
BMC Surgery,BioMed Central,1471-2482,1.24,3,SURGERY,UK,
The Italian Journal of Pediatrics,BioMed Central,1720-8424,1.236,3,PEDIATRICS,UK,
Atmospheric Pollution Research,Turkish National Committee for Air P,1309-1042,1.227,3,ENVIRONMENTAL SCIENCES,TR,
KONA : Powder and Particle Journal,Hosokawa Powder Technology Found,0288-4534,1.227,3,"ENGINEERING, CHEMICAL",JP,
Journal of Occupational Medicine and Toxicol,BioMed Central,1745-6673,1.226,3,"PUBLIC, ENVIRONMENTAL & OC",UK,
Revista de Saúde Pública,Universidade de São Paulo,0034-8910,1.219,3,"PUBLIC, ENVIRONMENTAL & OC",BR,
Turkish Journal of Biology,Scientific and Technical Research Cou,1300-0152,1.216,3,BIOLOGY,TR,
Pakistan Journal of Botany,University of Karachi,0556-3321,1.207,3,PLANT SCIENCES,PK,
World Journal of Surgical Oncology,BioMed Central,1477-7819,1.2,3,SURGERY,UK,
Acta Societatis Botanicorum Poloniae,Polish Botanical Society,0001-6977,1.195,3,PLANT SCIENCES,PO,
Chalcogenide Letters,National Institute of Materials Physic,1584-8663,1.184,3,"PHYSICS, APPLIED",RO,
Turkish Journal of Chemistry,Scientific and Technical Research Cou,1300-0527,1.176,3,"CHEMISTRY, MULITDISCIPLINARYAR",TR,
Evolutionary Bioinformatics,Libertas Academica,1176-9343,1.169,3,MATHEMATICAL & COMPUTATI,NZ,
Measurement Science Review,Versita,1335-8871,1.162,3,"INSTRUMENTS & INSTRUMENTA ,,",SK,
Meteorologische Zeitschrift,Borntraeger,0941-2948,1.16,3,METEOROLOGY & ATMOSPHERI,DE,
Annals of Geophysics,Istituto Nazionale di Geofisica e Vulca,1593-5213,1.157,3,GEOCHEMISTRY & GEOPHYSICS,IT,
Journal of the European Optical Society – Rap,European Optical Society,1990-2573,1.152,3,OPTICS,UK,
BMC Oral Health,BioMed Central,1472-6831,1.147,3,"DENTISTRY, ORAL SURGERY & M ",UK,
Boreal Environment Research,Boreal Environment Research Publish,1239-6095,1.14,3,ENVIRONMENTAL SCIENCES,FI,
Aquatic Invasions,Regional Euro-Asian Biological Invasio,1798-6540,1.133,3,MARINE & FRESHWATER BIOLOGY,FI,
Revista Brasileira de Paleontologia,Sociedade Brasileira de Paleontologia,1519-7530,1.128,3,PALEONTOLOGY,BR,
Medical Principles and Practice,Karger,1011-7571,1.113,3,"MEDICINE, GENERAL & INTERNA    ,",KW,
Journal of Applied Clinical Medical Physics,The American College of Medical Phy,1526-9914,1.11,3,"RADIOLOGY, NUCLEAR MEDICIN",US,
Serbian Astronomical Journal,"Astronomical Observatory, Departme",1450-698X,1.1,3,ASTRONOMY & ASTROPHYSICS,RS,
Journal of Occupational Health,Japan Society for Occupational Healt,1341-9145,1.096,3,"PUBLIC, ENVIRONMENTAL & OC",JP,
Videosurgery and Other Miniinvasive Techniq,Termedia Publishing House,1895-4588,1.092,3,SURGERY,PO,
Grasas y Aceites,Consejo Superior de Investigaciones,0017-3495,1.08,3,"CHEMISTRY, APPLIED",ES,
Sustainability,MDPI AG,2071-1050,1.077,3,ENVIRONMENTAL SCIENCES,CH,
ARKIVOC : Online Journal of Organic Chemistr,Arkat USA Inc,1551-7004,1.076,3,"CHEMISTRY, ORGANIC",US,
Journal of Limnology,PAGEPress Publications,1129-5767,1.076,3,LIMNOLOGY,IT,
Revista Mexicana de Astronomía y Astrofísica,Universidad Nacional Autónoma de,0185-1101,1.07,3,ASTRONOMY & ASTROPHYSICS,MX,
World Journal of Emergency Surgery,BioMed Central,1749-7922,1.062,3,EMERGENCY MEDICINE,UK,
Estudios Geologicos,Consejo Superior de Investigaciones,0367-0449,1.054,3,GEOLOGY,ES,
Industrial Health,National Institute of Occupational Saf,0019-8366,1.045,3,ENVIRONMENTAL SCIENCES,JP,
Biological Research,Sociedad de Biología de Chile,0716-9760,1.041,3,BIOLOGY,CL,
Brazilian Journal of Medical and Biological Re,Associação Brasileira de Divulgação Ci,0100-879X,1.034,3,BIOLOGY,BR,
Records of Natural Products,ACG Publications,1307-6167,1.019,3,PLANT SCIENCES,TR,
Computational and Mathematical Methods in,Hindawi Publishing Corporation,1748-670X,1.018,3,MATHEMATICAL & COMPUTATI,EG,
Chinese Medical Journal,Chinese Medical Association,0366-6999,1.016,3,"MEDICINE, GENERAL & INTERNA  ",CN,
Indian Pediatrics,Indian Academy of Pediatrics,0019-6061,1.014,3,PEDIATRICS,IN,
Iranian Journal of Environmental Health Scien,Tehran University of Medical Science,1735-1979,1.012,3,"ENGINEERING, ENVIRONMENTA",IR,
Acta Physica Polonica B,"Jagellonian University, Cracow",0587-4254,0.998,3,"PHYSICS, MULITDISCIPLINARY",PO,
Revista Brasileira de Fisioterapia,Associação Brasileira de Pesquisa e P,1413-3555,0.979,3,REHABILITATION,BR,
Food Technology and Biotechnology,University of Zagreb,1330-9862,0.977,3,FOOD SCIENCE & TECHNOLOGY,HR,
Journal of Postgraduate Medicine,Medknow Publications,0022-3859,0.972,3,"MEDICINE, GENERAL & INTERNA ",IN,
European Journal of Remote Sensing,Associazione Italiana di Telerilevame,2279-7254,0.971,3,REMOTE SENSING,IT,
Revista Mexicana de Ciencias Geológicas,Universidad Nacional Autónoma de,1026-8774,0.969,3,"GEOSCIENCES, MULITDISCIPLINARYA , ,",MX,
Internal Medicine,The Japanese Society of Internal Med,0918-2918,0.967,3,"MEDICINE, GENERAL & INTERNA  ",JP,
Korean Journal of Parasitology,The Korean Society for Parasitology,0023-4001,0.965,3,PARASITOLOGY,KR,
Journal of Research of the National Institute,The National Institute of Standards a,1044-677X,0.956,3,INSTRUMENTS & INSTRUMENTA ,US,
International Journal of Design,Chinese Institute of Design,1991-3761,0.955,3,"ENGINEERING, MANUFACTURIN",TW,
Nanomaterials and Nanotechnology,InTech Open Access Publisher,1847-9804,0.949,3,"MATERIALS SCIENCE, MULTIDISC,,",HR,
Revista Mexicana de Ingeniería Química,Universidad Autónoma Metropolitan,1665-2738,0.948,3,"CHEMISTRY, APPLIED",MX,
ETRI Journal,Electronics and Telecommunications,1225-6463,0.945,3,"ENGINEERING, ELECTRICAL & EL",KR,
Jornal de Pediatria,Sociedade Brasileira de Pediatria,0021-7557,0.935,3,PEDIATRICS,BR,
Oceanologia,Polish Academy of Sciences,0078-3234,0.927,3,OCEANOGRAPHY,PO,
IETE Technical Review,Taylor & Francis,0256-4602,0.925,3,TELECOMMUNICATIONS,IN,
International Journal of Distributed Sensor N,Hindawi Publishing Corporation,1550-1329,0.923,3,"COMPUTER SCIENCE, INFORMA",EG,
Plant Production Science,Crop Science Society of Japan,1343-943X,0.92,3,AGRONOMY,JP,
ZooKeys,Pensoft Publishers,1313-2989,0.917,3,ZOOLOGY,BG,
Revista da Associação Médica Brasileira,Associação Médica Brasileira,0104-4230,0.915,3,"MEDICINE, GENERAL & INTERNA  ",BR,
Turkish Journal of Agriculture and Forestry Sc,Scientific and Technical Research Cou,1300-011X,0.914,3,AGRONOMY,TR,
Anales del Jardín Botánico de Madrid,Consejo Superior de Investigaciones,0211-1322,0.912,3,PLANT SCIENCES,ES,
Brazilian Journal of Chemical Engineering,Brazilian Society of Chemical Enginee,0104-6632,0.912,3,"ENGINEERING, CHEMICAL",BR,
Chemical and Biochemical Engineering Quart,Croatian Association of Chemical Engi,0352-9568,0.911,3,"ENGINEERING, CHEMICAL",HR,
The Raffles Bulletin of Zoology,National University of Singapore,0217-2445,0.909,3,ZOOLOGY,SG,
Revista do Instituto de Medicina Tropical de S,Instituto de Medicina Tropical,0036-4665,0.907,3,TROPICAL MEDICINE,BR,
The Journal of Artificial Intelligence Research,AI Access Foundation,1076-9757,0.904,3,"COMPUTER SCIENCE, ARTIFICIAL  , ",US,
Journal of Sports Science and Medicine,University of Uludag,1303-2968,0.898,3,SPORT SCIENCES,TR,
Advances in Materials Science and Engineerin,Hindawi Publishing Corporation,1687-8434,0.897,3,"MATERIALS SCIENCE, MULTIDISC",EG,
Journal of the Serbian Chemical Society,Serbian Chemical Society,0352-5139,0.889,3,"CHEMISTRY, MULITDISCIPLINARY",RS,
Ukrainian Journal of Physical Optics,Institute of Physical Optics,1609-1833,0.88,3,OPTICS,UA,
Journal of Iberian Geology,Universidad Complutense de Madrid,1698-6180,0.875,3,GEOLOGY,ES,
Journal of Veterinary Medical Science,Japanese Society of Veterinary Scienc,0916-7250,0.875,3,VETERINARY SCIENCES,JP,
Bulletin of Materials Science,"Indian Academy of Sciences, Springer",0250-4707,0.87,3,"MATERIALS SCIENCE, MULTIDISC ",IN,
Head & Face Medicine,BioMed Central,1746-160X,0.867,3,"DENTISTRY, ORAL SURGERY & M ",UK,
Family Medicine,STFM,0742-3225,0.851,3,"MEDICINE, GENERAL & INTERNA , ",US,
African Zoology,Stellenbosch University,1562-7020,0.848,3,ZOOLOGY,ZA,
Turkish Journal of Medical Sciences,Scientific and Technical Research Cou,1300-0144,0.841,3,"MEDICINE, GENERAL & INTERNA , ",TR,
Archives of Budo,International Scientific Literature Inc.,1643-8698,0.839,3,SPORT SCIENCES,PO,
Bulletin of the Korean Chemical Society,The Korean Chemical Society,0253-2964,0.835,3,"CHEMISTRY, MULITDISCIPLINARYAR",KR,
Clinical and Experimental Otorhinolaryngolog,Korean Society of Otorhinolaryngolog,1976-8710,0.835,3,OTORHINOLARYNGOLOGY,KR,
Revista Chilena de Historia Natural,Sociedad de Biología de Chile,0716-078X,0.831,3,BIODIVERSITY CONSERVATION,CL,
International Journal of Antennas and Propag,Hindawi Publishing Corporation,1687-5869,0.827,3,"ENGINEERING, ELECTRICAL & EL",EG,
"Modeling, Identification and Control",Norwegian Society of Automatic Cont,0332-7353,0.826,3,AUTOMATION & CONTROL SYST,NO,
Geodiversitas,Museum National d'Histoire Naturell,1280-9659,0.825,3,PALEONTOLOGY,FR,
Acta Herpetologica,Firenze University Press,1827-9635,0.812,3,ZOOLOGY,IT,
Acta Chimica Slovenica,Slovenian Chemical Society,1318-0207,0.81,3,"CHEMISTRY, MULITDISCIPLINARYAR",SI,
Botanical Studies,Academia Sinica,1817-406X,0.809,3,PLANT SCIENCES,TW,
Water S.A.,Water Research Commission,0378-4738,0.809,3,WATER RESOURCES,ZA,
Boletín de la Sociedad Botánica de México,"Sociedad Botánica de México, A.C",0366-2128,0.8,3,PLANT SCIENCES,MX,
Radioengineering,Spolecnost pro radioelektronicke inze,1210-2512,0.796,3,"ENGINEERING, ELECTRICAL & EL",CZ,
The Journal of Poultry Science,Japan Poultry Science Association,1346-7395,0.787,3,"AGRICULTURE, DAIRY & ANIMAL  ",JP,
Plant Omics,Southern Cross Publishing,1836-0661,0.777,3,PLANT SCIENCES,AU,
Electronic Journal of Probability,Institute of Mathematical Statistics,1083-6489,0.774,3,STATISTICS & PROBABILITY,US,
Neotropical Ichthyology,Sociedade Brasileira de Ictiologia,1679-6225,0.766,3,ZOOLOGY,BR,
Veterinární Medicína,Czech Academy of Agricultural Scienc,0375-8427,0.756,3,VETERINARY SCIENCES,CZ,
Indian Journal of Experimental Biology,NISCAIR,0019-5189,0.753,3,BIOLOGY,IN,
Czech Journal of Food Sciences,Czech Academy of Agricultural Scienc,1212-1800,0.741,3,FOOD SCIENCE & TECHNOLOGY,CZ,
Materiales de Construccion,Consejo Superior de Investigaciones,0465-2746,0.734,3,"MATERIALS SCIENCE, MULTIDISC,,,",ES,
Biocell,Universidad Nacional de Cuyo,0327-9545,0.73,3,BIOLOGY,AR,
EXCLI Journal,IfADo - Leibniz Research Centre for W,1611-2156,0.728,3,BIOLOGY,DE,
Annales Societatis Geologorum Poloniae,Geological Society of Poland,0208-9068,0.727,3,GEOLOGY,PO,
Journal of Applied Mathematics,Hindawi Publishing Corporation,1110-757X,0.72,3,"MATHEMATICS, APPLIED",EG,
Revista Brasileira de Ciência do Solo,Sociedade Brasileira de Ciência do Sol,0100-0683,0.72,3,SOIL SCIENCE,BR,
Journal of Biological Research,BioMed Central,1790-045X,0.714,3,BIOLOGY,GR,
Annals of Saudi Medicine,King Faisal Specialist Hospital and Res,0256-4947,0.705,3,"MEDICINE, GENERAL & INTERNA",SA,
North-Western Journal of Zoology,Univeristy of Oradea Publishing Hous,1584-9074,0.7,3,ZOOLOGY,RO,
Image Analysis and Stereology,Slovenian Society for Stereology and,1580-3139,0.697,3,"MATHEMATICS, APPLIED",SI,
Balkan Journal of Geometry and Its Applicatio,"Geometry Balkan Press, Bucharest",1224-2780,0.684,3,"MATHEMATICS, APPLIED",RO,
RevStat : Statistical Journal,Instituto Nacional de Estatística,1645-6726,0.679,3,STATISTICS & PROBABILITY,PT,
Veterinaria Italiana,Istituto Zooprofilattico Sperimentale,0505-401X,0.675,3,VETERINARY SCIENCES,IT,
Revista Brasileira de Entomologia,Sociedade Brasileira De Entomologia,0085-5626,0.67,3,ENTOMOLOGY,BR,
African Health Sciences,Makerere University Medical School,1680-6905,0.662,3,"MEDICINE, GENERAL & INTERNA ",UG,
Chemical Industry and Chemical Engineering,Association of the Chemical Engineer,1451-9372,0.659,3,"ENGINEERING, CHEMICAL",RS,
Turkish Journal of Electrical Engineering and,Scientific and Technical Research Cou,1300-0632,0.644,3,"ENGINEERING, ELECTRICAL & EL",TR,
Advances in Electrical and Computer Enginee,Stefan cel Mare University of Suceava,1582-7445,0.642,3,"COMPUTER SCIENCE, ARTIFICIAL ",RO,
Turkish Journal of Field Crops,Society of Field Crops Science,1301-1111,0.641,3,AGRONOMY,TR,
ALEA : Latin American Journal of Probability a,Instituto Nacional de Matemática Pur,1980-0436,0.638,3,STATISTICS & PROBABILITY,BR,
Electronic Communications in Probability,Institute of Mathematical Statistics,1083-589X,0.627,3,STATISTICS & PROBABILITY,US,
Forest Systems,Instituto Nacional de Investigación y,2171-5068,0.62,3,FORESTRY,ES,
Onderstepoort Journal of Veterinary Researc,AOSIS OpenJournals,0030-2465,0.618,3,VETERINARY SCIENCES,ZA,
Danish Medical Journal,Danish Medical Association,2245-1919,0.612,3,"MEDICINE, GENERAL & INTERNA , ",DK,
Journal of Research in Medical Sciences,Isfahan University of Medical Science,1735-1995,0.608,3,"MEDICINE, GENERAL & INTERNA  ",IR,
Italian Journal of Animal Science,PAGEPress Publications,1594-4077,0.604,3,VETERINARY SCIENCES,IT,
Journal of Nippon Medical School,Medical Association of Nippon Medic,1345-4676,0.588,3,"MEDICINE, GENERAL & INTERNA ",JP,
Sadhana,"Indian Academy of Sciences,Springer",0256-2499,0.587,3,"ENGINEERING, MULITDISCIPLINARY",IN,
Computer Science and Information Systems,ComSIS Consortium,1820-0214,0.575,3,"COMPUTER SCIENCE, INFORMA",RS,
The Electronic Journal of Combinatorics,The Electronic Journal of Combinatori,1077-8926,0.568,3,"MATHEMATICS, APPLIED",US,
Kybernetika,Institute of Information Theory and A,0023-5954,0.563,3,"COMPUTER SCIENCE, CYBERNETICS ",CZ,
Journal of Animal and Plant Sciences,Pakistan Agricultural Scientists Forum,1018-7081,0.549,3,"AGRICULTURE, MULITDISCIPLINARY",PK,
Fibres & Textiles in Eastern Europe,Institute of Chemical Fibres,1230-3666,0.541,3,"MATERIALS SCIENCE, TEXTILES",PO,
Journal of Inorganic Materials,Science Press,1000-324X,0.537,3,"MATERIALS SCIENCE, CERAMICS",CN,
Croatian Journal of Forest Engineering,University of Zagreb,1845-5719,0.526,3,FORESTRY,HR,
Žemdirbystė,Lithuanian Research Centre for Agric,1392-3196,0.523,3,"AGRICULTURE, MULITDISCIPLINARY",LT,
Spanish Journal of Agricultural Research,Instituto Nacional de Investigación y,1695-971X,0.514,3,"AGRICULTURE, MULITDISCIPLINARY",ES,
Journal of Pesticide Science,Pesticide Science Society of Japan,1348-589X,0.508,3,ENTOMOLOGY,JP,
Journal of Scientific & Industrial Research,NISCAIR,0022-4456,0.5,3,"ENGINEERING, MULITDISCIPLINARY",IN,
Revista Brasileira de Fruticultura,Sociedade Brasileira de Fruticultura,0100-2945,0.487,3,HORTICULTURE,BR,
Mljekarstvo,Croatian Dairy Union,0026-704X,0.484,3,"AGRICULTURE, DAIRY & ANIMAL ,, C ",HR,
Acta Veterinaria Brno,University of Veterinary and Pharmac,0001-7213,0.448,3,VETERINARY SCIENCES,CZ,
Drvna Industrija,University of Zagreb,0012-6772,0.444,3,"MATERIALS SCIENCE, PAPER &",HR,
Science of Sintering,International Institute for the Science,0350-820X,0.444,3,"MATERIALS SCIENCE, CERAMICS",RS,
Logical Methods in Computer Science (LMCS),Technical University of Braunschweig,1860-5974,0.443,3,LOGIC,UK,
Pesquisa Veterinária Brasileira,Colégio Brasileiro de Patologia Anima,0100-736X,0.437,3,VETERINARY SCIENCES,BR,
Ceramics-Silikáty,Academy of Sciences of the Czech Re,0862-5468,0.434,3,"MATERIALS SCIENCE, CERAMICS",CZ,
New York Journal of Mathematics,Electronic Journals Project,1076-9803,0.418,3,MATHEMATICS,US,
Cahiers Agricultures,Editions John Libbey Eurotext Limited,1166-7699,0.39,3,"AGRICULTURE, MULITDISCIPLINARY",FR,
Horticultura Brasileira,Associação Brasileira de Olericultura,0102-0536,0.373,3,HORTICULTURE,BR,
South African Journal of Animal Science,South African Society for Animal Scie,0375-1589,0.345,3,"AGRICULTURE, DAIRY & ANIMAL  ",ZA,
Journal of Diabetes Research,Hindawi Publishing Corporation,2314-6745,3.536,4,ENDOCRINOLOGY & METABOLIS ,EG,
Stem Cells International,Hindawi Publishing Corporation,1687-966X,2.806,4,CELL & TISSUE ENGINEERING,EG,
BioMed Research International,Hindawi Publishing Corporation,2314-6133,2.706,4,BIOTECHNOLOGY & APPLIED MI,EG,
Influenza and Other Respiratory Viruses,Wiley,1750-2640,1.895,4,VIROLOGY,UK,
Hepatitis Monthly,Kowsar Corporation,1735-143X,1.796,4,GASTROENTEROLOGY & HEPAT,IR,
International Journal of Genomics,Hindawi Publishing Corporation,2314-436X,1.747,4,"BIOCHEMISTRY & MOLECULAR B ,",US,
Indian Journal of Medical Research,Indian Council of Medical Research,0971-5916,1.661,4,IMMUNOLOGY,IN,
Current Oncology,Multimed Inc.,1198-0052,1.643,4,ONCOLOGY,CA,
Nutrition & Diabetes,Nature Publishing Group,2044-4052,1.517,4,ENDOCRINOLOGY & METABOLIS ,UK,
International Journal of Endocrinology,Hindawi Publishing Corporation,1687-8337,1.515,4,ENDOCRINOLOGY & METABOLIS ,EG,
Gastroenterology Research and Practice,Hindawi Publishing Corporation,1687-6121,1.502,4,GASTROENTEROLOGY & HEPAT,EG,
Journal of Diabetes Investigation,Wiley,2040-1116,1.496,4,ENDOCRINOLOGY & METABOLIS ,UK,
Physiological Research,"Institute of Physiology, Czech Acade",0862-8408,1.487,4,PHYSIOLOGY,CZ,
Acta Biochimica Polonica,Acta Biochimica Polonica,0001-527X,1.389,4,BIOCHEMISTRY & MOLECULAR BIOLOGY,PO,
The Journal of Toxicological Sciences,The Japanese Society of Toxicology,0388-1350,1.378,4,TOXICOLOGY,JP,
OncoTargets and Therapy,Dove Medical Press,1178-6930,1.342,4,ONCOLOGY,UK,
International Microbiology,"Viguera Editores, S.L.",1139-6709,1.341,4,MICROBIOLOGY,ES,
Annals of Thoracic Medicine,Medknow Publications,1817-1737,1.338,4,RESPIRATORY SYSTEM,IN,
BMC Anesthesiology,BioMed Central,1471-2253,1.333,4,ANESTHESIOLOGY,UK,
Revista Espanola de Enfermedades Digestivas,The Spanish Society of Digestive Path,1130-0108,1.317,4,GASTROENTEROLOGY & HEPAT,ES,
Biological Procedures Online,BioMed Central,1480-9222,1.3,4,BIOCHEMICAL RESEARCH METH,UK,
Jornal Brasileiro de Pneumologia,Sociedade Brasileira de Pneumologia,1806-3713,1.268,4,RESPIRATORY SYSTEM,BR,
Journal of Infection in Developing Countries,Open Learning on Enteric Pathogens,1972-2680,1.267,4,INFECTIOUS DISEASES,IT,
Nutrición Hospitalaria,Sociedad Española de Nutrición Pare,0212-1611,1.25,4,NUTRITION & DIETETICS,ES,
Medicina Intensiva,"Ediciones Doyma, S.L.",0210-5691,1.24,4,CRITICAL CARE MEDICINE,ES,
Advances in Physiology Education,American Physiological Society,1043-4046,1.237,4,PHYSIOLOGY,US,
Acta Histochemica et Cytochemica,Japan Society of Histochemistry and,0044-5991,1.224,4,CELL BIOLOGY,JP,
Saudi Journal of Gastroenterology,Medknow Publications,1319-3767,1.221,4,GASTROENTEROLOGY & HEPAT,IN,
Comparative Cytogenetics,Pensoft Publishers,1993-0771,1.211,4,GENETICS & HEREDITY,BG,
Japanese Journal of Infectious Diseases,National Institute of Infectious Diseas,1344-6304,1.204,4,INFECTIOUS DISEASES,JP,
American Journal of Pharmaceutical Educatio,American Association of Colleges of P,0002-9459,1.188,4,PHARMACOLOGY & PHARMACY,US,
Acta Protozoologica,Jagiellonian University,0065-1583,1.179,4,MICROBIOLOGY,PO,
Journal of Physiological Anthropology,BioMed Central,1880-6791,1.164,4,PHYSIOLOGY,UK,
Arquivos Brasileiros de Cardiologia,Sociedade Brasileira de Cardiologia -,0066-782X,1.124,4,CARDIAC & CARDIOVASCULAR S,BR,
SOLA : Scientific Online Letters on the Atmos,Meteorological Society of Japan,1349-6476,1.118,4,METEOROLOGY & ATMOSPHERI,JP,
Pharmacognosy Magazine,Medknow Publications,0973-1296,1.112,4,"CHEMISTRY, MEDICINAL",IN,
DARU : Journal of Pharmaceutical Sciences,Tehran University of Medical Science,1560-8115,1.111,4,PHARMACOLOGY & PHARMACY,IR,
Interactive Cardiovascular and Thoracic Surge,European Association for Cardio-thor,1569-9293,1.109,4,CARDIAC & CARDIOVASCULAR S,NL,
Biomedical Research,Biomedical Research Press,0388-6107,1.102,4,"MEDICINE, RESEARCH & EXPERI",JP,
Brazilian Journal of Infectious Diseases,Brazilian Society of Infectious Disease,1413-8670,1.096,4,INFECTIOUS DISEASES,BR,
Neurology India,Medknow Publications,0028-3886,1.084,4,NEUROSCIENCES,IN,
Indian Journal of Biochemistry & Biophysics,NISCAIR,0301-1208,1.077,4,"BIOCHEMISTRY & MOLECULAR B,,",IN,
BMC Ophthalmology,BioMed Central,1471-2415,1.075,4,OPHTHALMOLOGY,UK,
Invertebrate Survival Journal,ISJ,1824-307X,1.062,4,IMMUNOLOGY,IT,
Journal of Geriatric Cardiology,Science Press,1671-5411,1.056,4,GERIATRICS & GERONTOLOGY,CN,
Plant Biotechnology,Japanese Society for Plant Cell and M,1342-4580,1.056,4,BIOTECHNOLOGY & APPLIED MI,JP,
Atmosphere,MDPI AG,2073-4433,1.048,4,METEOROLOGY & ATMOSPHERI,CH,
Indian Journal of Medical Microbiology,Medknow Publications,0255-0857,1.037,4,IMMUNOLOGY,IN,
Acta Pharmaceutica,Croatian Pharmaceutical Society,1330-0075,1.025,4,PHARMACOLOGY & PHARMACY,HR,
Journal of Cardiothoracic Surgery,BioMed Central,1749-8090,1.018,4,CARDIAC & CARDIOVASCULAR S,UK,
Advances in Condensed Matter Physics,Hindawi Publishing Corporation,1687-8108,1.013,4,"PHYSICS, CONDENSED MATTER",EG,
"Iranian Journal Of Allergy, Asthma and Immu",Tehran University of Medical Science,1735-1502,1.013,4,ALLERGY,IR,
Journal of Genetics,"Indian Academy of Sciences, Springer",0022-1333,1.013,4,GENETICS & HEREDITY,IN,
Arquivos de Neuro-Psiquiatria,Academia Brasileira de Neurologia - A,0004-282X,1.006,4,NEUROSCIENCES,BR,
Folia Histochemica et Cytobiologica,Polish Histochemical and Cytochemic,0239-8508,1,4,"BIOCHEMISTRY & MOLECULAR B , ,",PO,
Revista Brasileira de Reumatologia,Sociedade Brasileira de Reumatologia,0482-5004,0.993,4,RHEUMATOLOGY,BR,
Mountain Research and Development,International Mountain Society,0276-4741,0.989,4,"GEOGRAPHY, PHYSICAL",CH,
BMC Medical Imaging,BioMed Central,1471-2342,0.983,4,"RADIOLOGY, NUCLEAR MEDICIN",UK,
International Journal of Pharmacology,Asian Network for Scientific Informati,1811-7775,0.981,4,PHARMACOLOGY & PHARMACY,PK,
Iranian Journal of Kidney Diseases,Iranian Society of Nephrology,1735-8582,0.979,4,UROLOGY & NEPHROLOGY,IR,
Advances in Medical Sciences,Medical University of Bialystok and V,1896-1126,0.964,4,"MEDICINE, RESEARCH & EXPERI",PO,
International Brazilian Journal of Urology,Sociedade Brasileira de Urologia,1677-5538,0.956,4,UROLOGY & NEPHROLOGY,BR,
Journal of Cancer Research and Therapeutics,Medknow Publications,0973-1482,0.949,4,ONCOLOGY,IN,
Journal of Analytical Methods in Chemistry,Hindawi Publishing Corporation,2090-8865,0.948,4,"CHEMISTRY, ANALYTICAL",EG,
Journal of Toxicologic Pathology,Japanese Society of Toxicologic Patho,0914-9198,0.943,4,TOXICOLOGY,JP,
Fluoride,The International Society for Fluoride,0015-4725,0.931,4,"PUBLIC, ENVIRONMENTAL & OC",NZ,
Indian Journal of Ophthalmology,Medknow Publications,0301-4738,0.927,4,OPHTHALMOLOGY,IN,
International Journal of Analytical Chemistry,Hindawi Publishing Corporation,1687-8760,0.904,4,"CHEMISTRY, ANALYTICAL",EG,
Cadernos de Saúde Pública,"Escola Nacional de Saúde Pública, Fu",0102-311X,0.888,4,"PUBLIC, ENVIRONMENTAL & OC",BR,
Archives of Clinical Psychiatry,Universidade de São Paulo,0101-6083,0.886,4,PSYCHIATRY,BR,
Genetics and Molecular Biology,Sociedade Brasileira de Genética,1415-4757,0.876,4,GENETICS & HEREDITY,BR,
Iranian Journal of Parasitology,Tehran University of Medical Science,1735-7020,0.872,4,PARASITOLOGY,IR,
Genes & Genetic Systems,Genetics Society of Japan,1341-7568,0.87,4,GENETICS & HEREDITY,JP,
Rural and Remote Health,James Cook University,1445-6354,0.868,4,"PUBLIC, ENVIRONMENTAL & OC",AU,
Anais Brasileiros de Dermatologia,Sociedade Brasileira de Dermatologia,0365-0596,0.866,4,DERMATOLOGY,BR,
Journal of Spectroscopy,Hindawi Publishing Corporation,2314-4920,0.831,4,SPECTROSCOPY,EG,
Estonian Journal of Earth Sciences,Estonian Academy Publishers,1736-4728,0.822,4,"GEOSCIENCES, MULITDISCIPLINARYA ,,",EE,
Periodico di Mineralogia,Edizioni Nuova Cultura,0369-8963,0.804,4,MINERALOGY,IT,
Journal of Applied Oral Science,University of São Paulo,1678-7757,0.803,4,"DENTISTRY, ORAL SURGERY & M ",BR,
Revista Brasileira de Farmacognosia,Sociedade Brasileira de Farmacognosi,0102-695X,0.796,4,"CHEMISTRY, MEDICINAL",BR,
Journal of Earth System Science,Indian Academy of Sciences,0253-4126,0.794,4,"GEOSCIENCES, MULITDISCIPLINARYA, ,",IN,
Journal of Otolaryngology : Head and Neck Su,BioMed Central,1916-0216,0.791,4,OTORHINOLARYNGOLOGY,UK,
Polish Polar Research,Versita,0138-0338,0.788,4,"GEOSCIENCES, MULITDISCIPLINARYAA,A, ,",PO,
Hellenic Journal of Cardiology,Hellenic Cardiological Society,1109-9666,0.785,4,CARDIAC & CARDIOVASCULAR S,GR,
Jundishapur Journal of Microbiology,Ahvaz Jundishapur University of Medi,2008-3645,0.78,4,MICROBIOLOGY,IR,
Brazilian Oral Research,Sociedade Brasileira de Pesquisa Odo,1806-8324,0.774,4,"DENTISTRY, ORAL SURGERY & M ",BR,
Indian Journal of Cancer,Medknow Publications,0019-509X,0.774,4,ONCOLOGY,IN,
Annali dell'Istituto Superiore di Sanità,Kurtis srl,0021-2571,0.773,4,"PUBLIC, ENVIRONMENTAL & OC",IT,
Condensed Matter Physics,Institute for Condensed Matter Physi,1607-324X,0.771,4,"PHYSICS, CONDENSED MATTER",UA,
Hereditas,Blackwell,0018-0661,0.756,4,GENETICS & HEREDITY,US,
Anadolu Kardiyoloji Dergisi,Aves Yayincilik,1302-8723,0.755,4,CARDIAC & CARDIOVASCULAR S,TR,
46Psychiatria Polska,Polskie Towarzystwo Psychiatryczne,0033-2674,0.753,4,PSYCHIATRY,PO,
Journal of Arthropod-Borne Diseases,Tehran University of Medical Science,2322-1984,0.75,4,"PUBLIC, ENVIRONMENTAL & OC",IR,
Acta Medica Okayama,Okayama University Medical School,0386-300X,0.746,4,"MEDICINE, RESEARCH & EXPERI",JP,
Journal of Geosciences,Czech Geological Society,1802-6222,0.744,4,"GEOSCIENCES, MULITDISCIPLINARYA ,  C R ",CZ,
Bulletin of the Geological Society of Denmark,Geological Society of Denmark,0011-6297,0.733,4,"GEOSCIENCES, MULITDISCIPLINARYA,,D ",DK,
Journal of Laser Micro/Nanoengineering,Japan Laser Processing Society (JLPS),1880-0688,0.731,4,NANOSCIENCE & NANOTECHNO,JP,
Arhiv za Higijenu Rada i Toksikologiju,Institute for Medical Research and Oc,0004-1254,0.727,4,"PUBLIC, ENVIRONMENTAL & OC",HR,
Pramana : Journal of Physics,Indian Academy of Sciences,0304-4289,0.72,4,"PHYSICS, MULITDISCIPLINARY",IN,
Indian Journal of Pure & Applied Physics,NISCAIR,0019-5596,0.711,4,"PHYSICS, MULITDISCIPLINARY",IN,
Ekoloji,Çevre Koruma ve Araştırma Vakfı (ÇE,1300-1361,0.708,4,ECOLOGY,TR,
Iranian Journal of Immunology,Shiraz University of Medical sciences,1735-1383,0.707,4,IMMUNOLOGY,IR,
Urology Journal,Shaheed Beheshti University of Medi,1735-1308,0.707,4,UROLOGY & NEPHROLOGY,IR,
Journal of Balkan Union of Oncology,Imprimatur Publications,1107-0625,0.706,4,ONCOLOGY,GR,
Journal of Cave and Karst Studies,National Speleological Society,1090-6924,0.696,4,"GEOSCIENCES, MULITDISCIPLINARYA , ,",US,
"International Journal of Computers, Commun",Agora University of Oradea,1841-9836,0.694,4,AUTOMATION & CONTROL SYST,RO,
Acta Ichthyologica et Piscatoria,Akademii Rolniczej w Szczecinie,0137-1592,0.691,4,FISHERIES,PO,
Arquivos brasileiros de Endocrinologia e Met,Sociedade Brasileira de Endocrinologi,0004-2730,0.682,4,ENDOCRINOLOGY & METABOLIS ,BR,
Indian Journal of Pharmacology,Medknow Publications,0253-7613,0.679,4,PHARMACOLOGY & PHARMACY,IN,
Brazilian Journal of Biology,Instituto Internacional de Ecologia,1519-6984,0.678,4,BIOLOGY,BR,
"Pachyderm : Journal of the African Elephant,",International Union for Conservation,1026-2881,0.667,4,ZOOLOGY,KE,
Revista Argentina de Microbiología,Asociación Argentina de Microbiologí,0325-7541,0.663,4,MICROBIOLOGY,AR,
Acta Biologica Cracoviensia Series Botanica,Polish Academy of Sciences Publishin,0001-5296,0.662,4,PLANT SCIENCES,PO,
Química Nova,Sociedade Brasileira de Química,0100-4042,0.658,4,"CHEMISTRY, MULITDISCIPLINARYAR",BR,
Zoologia (Curitiba),Sociedade Brasileira de Zoologia,1984-4670,0.652,4,ZOOLOGY,BR,
Neurologia Medico-Chirurgica,The Japan Neurosurgical Society,0470-8105,0.649,4,SURGERY,JP,
Electronic Journal of Biotechnology,Pontificia Universidad Católica de Val,0717-3458,0.647,4,BIOTECHNOLOGY & APPLIED MI,CL,
Journal of Vector Borne Diseases,National Institute of Malaria Researc,0972-9062,0.647,4,PARASITOLOGY,IN,
Indian Journal of Pathology and Microbiology,Medknow Publications,0377-4929,0.642,4,PATHOLOGY,IN,
Indian Journal of Engineering & Materials Sci,NISCAIR,0971-4588,0.641,4,"MATERIALS SCIENCE, MULTIDISC ,,",IN,
Geologica Belgica,Université de Liège,1374-8505,0.636,4,GEOLOGY,BE,
Postępy Higieny i Medycyny Doświadczalnej,Index Copernicus International S.A.,0032-5449,0.633,4,"MEDICINE, RESEARCH & EXPERI",PO,
Polímeros,Associação Brasileira de Polímeros,0104-1428,0.632,4,POLYMER SCIENCE,BR,
Revista Brasileira de Cirurgia Cardiovascular,Sociedade Brasileira de Cirurgia Cardi,0102-7638,0.632,4,SURGERY,BR,
Texas Heart Institute Journal,Texas Heart Institute,0730-2347,0.63,4,CARDIAC & CARDIOVASCULAR S,US,
Acta Botánica Mexicana,Instituto de Ecología A.C.,0187-7151,0.629,4,PLANT SCIENCES,MX,
Indian Journal of Chemistry : A,NISCAIR,0376-4710,0.628,4,"CHEMISTRY, MULITDISCIPLINARYAR",IN,
Ciencias Marinas,Universidad Autónoma de Baja Califo,0185-3880,0.624,4,MARINE & FRESHWATER BIOLOGY,MX,
Indian Journal of Orthopaedics,Medknow Publications,0019-5413,0.624,4,ORTHOPEDICS,IN,
Brazilian Journal of Otorhinolaryngology,Associação Brasileira de Otorrinolarin,1808-8694,0.623,4,OTORHINOLARYNGOLOGY,BR,
Journal of Chemistry,Hindawi Publishing Corporation,2090-9063,0.622,4,"CHEMISTRY, MULITDISCIPLINARYAR",EG,
Knowledge and Management of Aquatic Ecos,EDP Sciences,1961-9502,0.622,4,MARINE & FRESHWATER BIOLOGY,FR,
Biomédica,Instituto Nacional de Salud,0120-4157,0.617,4,TROPICAL MEDICINE,CO,
Revista de Biología Tropical,Universidad de Costa Rica,0034-7744,0.61,4,BIOLOGY,CR,
Discrete Mathematics & Theoretical Comput,Discrete Mathematics & Theoretical,1462-7264,0.609,4,"COMPUTER SCIENCE, SOFTWAR",FR,
Archives of Biological Sciences,Serbian Biological Society,0354-4664,0.607,4,BIOLOGY,RS,
"Journal of the Society of Rheology, Japan",The Society of Rheology,0387-1533,0.607,4,MECHANICS,JP,
Acta Physica Polonica A,Polish Academy of Sciences,0587-4246,0.604,4,"PHYSICS, MULITDISCIPLINARY",PO,
Iranian Journal of Basic Medical Sciences,Mashhad University of Medical Scien,2008-3866,0.604,4,"MEDICINE, RESEARCH & EXPERI",IR,
Journal of the Canadian Dental Association,Canadian Dental Association,1488-2159,0.598,4,"DENTISTRY, ORAL SURGERY",CA,
Hystrix : the Italian Journal of Mammalogy,Associazione Teriologica Italiana,0394-1914,0.593,4,ZOOLOGY,IT,
Leprosy Review,LEPRA (The British Leprosy Relief Ass,0305-7518,0.587,4,PATHOLOGY,UK,
Turkish Journal of Zoology,Scientific and Technical Research Cou,1300-0179,0.585,4,ZOOLOGY,TR,
MEDICC Review,Medical Education Cooperation with,1555-7960,0.582,4,"PUBLIC, ENVIRONMENTAL & OC",US,
Indian Journal of Chemical Technology,NISCAIR,0971-457X,0.58,4,"ENGINEERING, CHEMICAL",IN,
Iranian Journal of Public  Health,Tehran University of Medical Science,2251-6085,0.576,4,"PUBLIC, ENVIRONMENTAL & OC",IR,
Acta Cirurgica Brasileira,Sociedade Brasileira para o Desenvol,0102-8650,0.57,4,SURGERY,BR,
South African Journal of Surgery,Health and Medical Publishing Group,0038-2361,0.569,4,SURGERY,ZA,
Hemijska Industrija,"Association of Chemical Engineers, Be",0367-598X,0.562,4,"ENGINEERING, CHEMICAL",RS,
Anales del Sistema Sanitario de Navarra,Gobierno de Navarra. Departamento,1137-6627,0.557,4,"PUBLIC, ENVIRONMENTAL & OC",ES,
Croatica Chemica Acta - izd. tromjesečno Hrv,Croatian Chemical Society,0011-1643,0.556,4,"CHEMISTRY, MULITDISCIPLINARYAR",HR,
Materials and Technology,Institute of Metals and Technology wi,1580-2949,0.555,4,"MATERIALS SCIENCE, MULTIDISC   ",SI,
Acta Orthopaedica et Traumatologica Turcica ,Ekin Medical Publishing,1017-995X,0.554,4,ORTHOPEDICS,TR,
Saudi Medical Journal,Ministry of Defence And Aviation,0379-5284,0.554,4,"MEDICINE, GENERAL & INTERNA , ,",SA,
Tropical Plant Pathology,Sociedade Brasileira de Fitopatologia,1982-5676,0.554,4,PLANT SCIENCES,BR,
Acta Botanica Brasilica,Sociedade Botânica do Brasil,0102-3306,0.553,4,PLANT SCIENCES,BR,
Journal of Environmental Biology,Triveni Enterprises,0254-8704,0.553,4,ENVIRONMENTAL SCIENCES,IN,
Journal of the Mexican Chemical Society,Sociedad Química de México,1870-249X,0.55,4,"CHEMISTRY, MULITDISCIPLINARY",MX,
Anales de Psicología,Universidad de Murcia,0212-9728,0.549,4,PSYCHOLOGY,ES,
Brazilian Journal of Oceanography,Universidade de São Paulo,1679-8759,0.534,4,MARINE & FRESHWATER BIOLOGY,BR,
Advances in Mathematical Physics,Hindawi Publishing Corporation,1687-9120,0.532,4,"PHYSICS, MATHEMATICAL",EG,
Biology of Sport,Institute of Sport,0860-021X,0.527,4,SPORT SCIENCES,PL,
Dendrobiology,"Polska Akademia Nauk, Instytut Dend",1641-1307,0.525,4,FORESTRY,PO,
Animal Biodiversity and Conservation,The Natural Science Museum of Barcelona,1578-665X,0.519,4,BIODIVERSITY CONSERVATION,ES,
Kardiologia Polska,Polskie Towarzystwo Kardiologiczne,0022-9032,0.519,4,CARDIAC & CARDIOVASCULAR SURGERY,PO,
Annals of Indian Academy of Neurology,Medknow Publications,0972-2327,0.514,4,CLINICAL NEUROLOGY,IN,
Bangladesh Journal of Pharmacology,Bangladesh Pharmacological Society,1991-007X,0.514,4,PHARMACOLOGY & PHARMACY,BD,
International Journal of Shoulder Surgery,Medknow Publications,0973-6042,0.513,4,ORTHOPEDICS,IN,
Indian Journal of Biotechnology,NISCAIR,0972-5849,0.51,4,BIOTECHNOLOGY & APPLIED MI,IN,
Iranian Journal of Pharmaceutical Research,"School of Pharmacy, Shahid Beheshti",1735-0328,0.51,4,PHARMACOLOGY & PHARMACY,IR,
"Biotechnologie, Agronomie, Société et Enviro ",University of Liege,1370-6233,0.509,4,ENVIRONMENTAL SCIENCES,BE,
Boletín Latinoamericano y del Caribe de Plant,Agriscience University of Santiago de,0717-7917,0.505,4,PHARMACOLOGY & PHARMACY,CL,
Iheringia. Série Zoologia,Fundação Zoobotânica do Rio Grande,0073-4721,0.505,4,ZOOLOGY,BR,
Journal of Applied Fluid Mechanics,Regional Information Center for Scien,1735-3572,0.505,4,MECHANICS,IR,
Iranian Red Crescent Medical Journal,"Iranian Hospital, Dubai",2074-1804,0.504,4,"MEDICINE, GENERAL & INTERNA ,  I,",AE,
Advances in Mechanical Engineering,Hindawi Publishing Corporation,1687-8132,0.5,4,THERMODYNAMICS,EG,
Geologia Croatica,Institute of Geology Zagreb,1330-030X,0.5,4,"GEOSCIENCES, MULITDISCIPLINARYA ",HR,
International Journal of Ophthalmology,IJO Press,2222-3959,0.5,4,OPHTHALMOLOGY,CN,
Journal of Astrophysics and Astronomy,Indian Academy of Sciences,0250-6335,0.5,4,ASTRONOMY & ASTROPHYSICS,IN,
International Journal of Advanced Robotic Sy,InTech,1729-8806,0.497,4,ROBOTICS,AT,
Revista Chilena de Infectología,Sociedad Chilena de Infectología,0716-1018,0.497,4,INFECTIOUS DISEASES,CL,
Revista da Escola de Enfermagem da USP,Universidade de São Paulo,0080-6234,0.497,4,NURSING,BR,
Journal of the Japan Petroleum Institute,Japan Petroleum Institute,1346-8804,0.495,4,ENERGY & FUELS,JP,
Tropical Journal of Pharmaceutical Research,University of Benin,1596-5996,0.495,4,PHARMACOLOGY & PHARMACY,NG,
Genetika,Serbian Genetics Society,0534-0012,0.492,4,GENETICS & HEREDITY,RS,
Bulletin of the Chemical Society of Ethiopia,Chemical Society of Ethiopia,1011-3924,0.491,4,"CHEMISTRY, MULITDISCIPLINARYAR",ET,
Indian Journal of Chemistry : Section B,NISCAIR,0376-4699,0.489,4,"CHEMISTRY, ORGANIC",IN,
Czech Journal of Genetics and Plant Breeding,Czech Academy of Agricultural Scienc,1212-1975,0.486,4,PLANT SCIENCES,CZ,
Acta Adriatica,Institute of Oceanography and Fisheri,0001-5113,0.483,4,MARINE & FRESHWATER BIOLOGY,HR,
Materials Research,"ABM, ABC, ABPol, SBCC, SBCr, SBMM,",1516-1439,0.483,4,"MATERIALS SCIENCE, MULTIDISC,   ",BR,
Adansonia. Sér. 3,Museum Nationale d'Histoire Naturel,1280-8571,0.48,4,PLANT SCIENCES,FR,
Notulae Botanicae Horti Agrobotanici Cluj-Na,University of Agricultural Sciences an,0255-965X,0.476,4,PLANT SCIENCES,RO,
Acta Polytechnica Hungarica,Óbuda University,1785-8860,0.471,4,"ENGINEERING, MULITDISCIPLINARY",HU,
Revista de Biologia Marina y Oceanografia,Universidad de Valparaiso,0717-3326,0.469,4,MARINE & FRESHWATER BIOLOGY,CL,
Cell Journal,"Royan Institute (ACECR), Tehran",2228-5806,0.458,4,CELL BIOLOGY,IR,
Applied Ecology and Environmental Research,ALOKI Ltd,1589-1623,0.456,4,ENVIRONMENTAL SCIENCES,HU,
Materials Science,Kaunas University of Technology,1392-1320,0.455,4,"MATERIALS SCIENCE, MULTIDISC ",LT,
Brazilian Archives of Biology and Technology,Tecpar,1516-8913,0.452,4,BIOLOGY,BR,
Brazilian Journal of Microbiology,Sociedade Brasileira de Microbiologia,1517-8382,0.452,4,MICROBIOLOGY,BR,
Acta Botanica Croatica,University of Zagreb,0365-0588,0.449,4,PLANT SCIENCES,HR,
Revista Mexicana de Biodiversidad,Instituto de Biología,1870-3453,0.449,4,BIODIVERSITY CONSERVATION,MX,
Journal of Applied Research and Technology,Universidad Nacional Autónoma de,1665-6423,0.447,4,"ENGINEERING, MULITDISCIPLINARY",MX,
Annals of Forest Research,Forest Research and Management Ins,1844-8135,0.444,4,FORESTRY,RO,
Anthropological Science,The Anthropological Society of Nippo,0918-7960,0.444,4,EVOLUTIONARY BIOLOGY,JP,
Arquivos Brasileiros de Oftalmologia,Conselho Brasileiro de Oftalmologia,0004-2749,0.44,4,OPHTHALMOLOGY,BR,
Indian Journal of Traditional Knowledge,NISCAIR,0972-5938,0.438,4,PLANT SCIENCES,IN,
"Journal of Mathematical Physics, Analysis, Ge",National Academy of Sciences of Ukr,1812-9471,0.432,4,"PHYSICS, MATHEMATICAL",UA,
Chinese Journal of Physics,The Physical Society of the Republic o,0577-9073,0.431,4,"PHYSICS, MULITDISCIPLINARY",TW,
Journal of Venomous Animals and Toxins incl,Centro de Estudos de Venenos e Ani,1678-9199,0.426,4,TROPICAL MEDICINE,BR,
Latin American Journal of Aquatic Research,Pontificia Universidad Católica de Val,0718-560X,0.422,4,MARINE & FRESHWATER BIOLOGY,CL,
Planta Daninha,Sociedade Brasileira da Ciência das Pl,0100-8358,0.422,4,PLANT SCIENCES,BR,
Medicina (Buenos Aires),Fundación Revista Medicina,0025-7680,0.421,4,"MEDICINE, GENERAL & INTERNA ,,A ",AR,
Electronic Journal of Differential Equations,Texas State University,1072-6691,0.419,4,"MATHEMATICS, APPLIED",US,
Revista Brasileira de Anestesiologia,Sociedade Brasileira de Anestesiologi,0034-7094,0.415,4,ANESTHESIOLOGY,BR,
Bosnian Journal of Basic Medical Sciences,Association of Basic Medical Sciences,1512-8601,0.413,4,"MEDICINE, RESEARCH & EXPERI",BA ,
Journal of Cytology,Medknow Publications,0970-9371,0.413,4,MEDICAL LABORATORY TECHNO ,IN,
Archivos de Medicina Veterinaria,Universidad Austral de Chile,0301-732X,0.412,4,VETERINARY SCIENCES,CL,
Ciência e Tecnologia de Alimentos,Sociedade Brasileira de Ciência e Tec,0101-2061,0.412,4,FOOD SCIENCE & TECHNOLOGY,BR,
Engenharia Agrícola,Sociedade Brasileira de Engenharia A,0100-6916,0.41,4,AGRICULTURAL ENGINEERING,BR,
Geofísica Internacional,Universidad Nacional Autónoma de,0016-7169,0.407,4,GEOCHEMISTRY & GEOPHYSICS,MX,
Geological Survey of Denmark and Greenland,Geological Survey of Denmark and Gr,1604-8156,0.405,4,GEOLOGY,DK,
Ciência Rural,Universidade Federal de Santa Maria,0103-8478,0.401,4,AGRONOMY,BR,
Revista Árvore,Sociedade de Investigações Florestais,0100-6762,0.396,4,FORESTRY,BR,
Proceedings of the Japan Academy. Series A,The Japan Academy,0386-2194,0.39,4,MATHEMATICS,JP,
Turkish Journal of Fisheries and Aquatic Scien,Central Fisheries Research Institute,1303-2712,0.384,4,MARINE & FRESHWATER BIOLOGY,TR,
Australian Prescriber,National Prescribing Service,0312-8008,0.381,4,PHARMACOLOGY & PHARMACY,AU,
Przegląd Menopauzalny,Termedia Publishing House,1643-8876,0.381,4,OBSTETRICS & GYNECOLOGY,PO,
Proceedings of the Indian Academy of Scienc,Indian Academy of Sciences,0253-4142,0.38,4,MATHEMATICS,IN,
Turkish Journal of Trauma and Emergency Su,Kare Publishing,1306-696X,0.379,4,EMERGENCY MEDICINE,TR,
Osaka Journal of Mathematics,Osaka University,0030-6126,0.375,4,MATHEMATICS,JP,
Revista Médica de Chile,Sociedad Médica de Santiago,0034-9887,0.373,4,"MEDICINE, GENERAL & INTERNA  ",CL,
Geofizika,University of Zagreb,0352-3659,0.37,4,GEOCHEMISTRY & GEOPHYSICS,HR,
Bangladesh Journal of Plant Taxonomy,Bangladesh Association of Plant Taxo,1028-2092,0.367,4,PLANT SCIENCES,BD,
The International Arab Journal of Information,Zarqa Private University,1683-3198,0.366,4,"ENGINEERING, ELECTRICAL & EL",JO,
Sociobiology,Universidade Estadual de Feira de Sa,0361-6525,0.363,4,ENTOMOLOGY,BR,
Cerne,Universidade Federal de Lavras,0104-7760,0.36,4,FORESTRY,BR,
Miskolc Mathematical Notes,Miskolc University Press,1787-2405,0.357,4,MATHEMATICS,HU,
Revista de Metalurgia,Centro Nacional de Investigaciones M,0034-8570,0.355,4,METALLURGY & METALLURGICA ,ES,
Hidrobiológica,Universidad Autónoma Metropolitan,0188-8897,0.352,4,MARINE & FRESHWATER BIOLOGY,MX,
ScienceAsia,Science Society of Thailand,1513-1874,0.347,4,MULITDISCIPLINARY SCIENCES,TH,
Revista de Nutrição,Pontifícia Universidade Católica de Ca,1415-5273,0.345,4,NUTRITION & DIETETICS,BR,
Iranian Journal of Pediatrics,Tehran University of Medical Science,2008-2142,0.344,4,PEDIATRICS,IR,
Boletín de la Sociedad Española de Cerámica,Consejo Superior de Investigaciones,0366-3175,0.343,4,"MATERIALS SCIENCE, CERAMICS",ES,
Science and Technology of Nuclear Installatio,Hindawi Publishing Corporation,1687-6075,0.343,4,NUCLEAR SCIENCE & TECHNOLO ,EG,
Hiroshima Mathematical Journal,Hiroshima University,0018-2079,0.342,4,MATHEMATICS,JP,
Journal of Infrared and Millimeter Waves,Science Press,1001-9014,0.342,4,OPTICS,CN,
China Foundry,Foundry Journal Agency,1672-6421,0.341,4,METALLURGY & METALLURGICA ,CN,
Turkish Journal of Hematology,Galenos Yayinevi,1300-7777,0.34,4,HEMATOLOGY,TR,
Earth Sciences Research Journal,Universidad Nacional de Colombia,1794-6190,0.333,4,"GEOSCIENCES, MULITDISCIPLINARYA",CO,
Turkish Journal of Mathematics,Scientific and Technical Research Cou,1300-0098,0.333,4,MATHEMATICS,TR,
Revista Colombiana de Entomología,Sociedad Colombiana de Entomologí,0120-0488,0.331,4,ENTOMOLOGY,CO,
Maejo International Journal of Science and T,Maejo University,1905-7873,0.329,4,MULITDISCIPLINARY SCIENCES,TH,
Revista Internacional de Contaminación Ambi,Universidad Nacional Autónoma de,0188-4999,0.328,4,ENVIRONMENTAL SCIENCES,MX,
Revista Mexicana de Física,Sociedad Mexicana de Física,0035-001X,0.328,4,"PHYSICS, MULITDISCIPLINARY",MX,
Cirugía y cirujanos : Órgano Oficial de la Acad,Academia Mexicana de Cirugía,0009-7411,0.322,4,SURGERY,MX,
Revista Brasileira de Ciência Avícola,Fundação APINCO de Ciência e Tecno,1516-635X,0.318,4,"AGRICULTURE, DAIRY & ANIMAL  ",BR,
Revista Mvz Cordoba,Universidad de Cordoba,0122-0268,0.318,4,"AGRICULTURE, DAIRY & ANIMAL  ,,",CO,
Turkish Journal of Veterinary and Animal Scie,Scientific and Technical Research Cou,1300-0128,0.316,4,VETERINARY SCIENCES,TR,
DIE ERDE: Journal of the Geographical Society,Gesellschaft für Erdkunde zu Berlin,0013-9998,0.314,4,"GEOGRAPHY, PHYSICAL",DE,
Slovenian Veterinary Research,University of Ljubljana,1580-4003,0.314,4,VETERINARY SCIENCES,SI,
Indian Journal of Marine Sciences,NISCAIR,0379-5136,0.313,4,OCEANOGRAPHY,IN,
Revista Caatinga,Universidade Federal Rural Do Semiá,0100-316X,0.311,4,AGRONOMY,BR,
Defence Science Journal,Defence Scientific Information & Doc,0011-748X,0.31,4,MULITDISCIPLINARY SCIENCES,IN,
Macedonian Journal of Chemistry and Chemi,Society of the Chemists and Technolo,1857-5552,0.31,4,"ENGINEERING, CHEMICAL",MK,
Yakugaku Zasshi,Pharmaceutical Society of Japan,0031-6903,0.31,4,PHARMACOLOGY & PHARMACY,JP,
SHILAP Revista de Lepidopterología,Sociedad Hispano-Luso-Americana de,0300-5267,0.304,4,ENTOMOLOGY,ES,
Brazilian Journal of Pharmaceutical Sciences,Universidade de São Paulo,1984-8250,0.302,4,PHARMACOLOGY & PHARMACY,BR,
Mathematical Communications,University of Osijek,1331-0623,0.3,4,MATHEMATICS,HR,
Probability and Mathematical Statistics,Wydawnictwo Uniwersytetu Wrocła,0208-4147,0.3,4,STATISTICS & PROBABILITY,PO,
Indian Journal of Pharmaceutical Sciences,Medknow Publications,0250-474X,0.296,4,PHARMACOLOGY & PHARMACY,IN,
Revista Fitotecnia Mexicana,Sociedad Mexicana de Fitogenética,0187-7380,0.295,4,AGRONOMY,MX,
Archivos Argentinos de Pediatria,Sociedad Argentina de Pediatria,0325-0075,0.291,4,PEDIATRICS,AR,
Kafkas Universitesi Veteriner Fakultesi Dergisi,University of Kafkas,1300-6045,0.287,4,VETERINARY SCIENCES,TR,
The Journal of Applied Research in Veterinary,Veterinary Solutions,1542-2666,0.287,4,VETERINARY SCIENCES,US,
Acta Médica Portuguesa,Centro Editor Livreiro da Ordem dos,1646-0758,0.281,4,"MEDICINE, GENERAL & INTERNA ",PT,
West Indian Medical Journal,University of the West Indies,0043-3144,0.28,4,"MEDICINE, GENERAL & INTERNA  ,",JM,
Santé Publique,Société Française de Santé Publique,0995-3914,0.276,4,"PUBLIC, ENVIRONMENTAL & OC",FR,
Listy Cukrovarnicke a Reparske,VUC Praha a.s.,1210-3306,0.273,4,FOOD SCIENCE & TECHNOLOGY,CZ,
Vojnosanitetski Pregled,"Military Medical Academy, Belgrade",0042-8450,0.269,4,"MEDICINE, GENERAL & INTERNA  ",RS,
Revista de la Unión Matemática Argentina,Unión Matemática Argentina,0041-6932,0.268,4,"MATHEMATICS, APPLIED",AR,
Acta Paulista de Enfermagem,Universidade Federal de São Paulo,0103-2100,0.267,4,NURSING,BR,
Acta Zoologica Academiae Scientiarum Hung,Hungarian Academy of Sciences,1217-8837,0.263,4,ZOOLOGY,HU,
Vitae,Universidad de Antioquia,0121-4004,0.259,4,PHARMACOLOGY & PHARMACY,CO,
Informes de la Construccion,Consejo Superior de Investigaciones,0020-0883,0.254,4,CONSTRUCTION & BUILDING TE,ES,
Theory and Applications of Categories,Mount Allison University,1201-561X,0.254,4,MATHEMATICS,CA,
Avian Conservation and Ecology,Resilience Alliance,1712-6568,0.25,4,BIODIVERSITY CONSERVATION,CA,
History of Geo- and Space Sciences,Copernicus Publications,2190-5010,0.25,4,"GEOSCIENCES, MULITDISCIPLINARYA  ,  G ",DE,
Journal of Agricultural Sciences,Ankara University,1300-7580,0.25,4,"AGRICULTURE, MULITDISCIPLINARY",TR,
Kyushu Journal of Mathematics,Kyushu University,1340-6116,0.25,4,MATHEMATICS,JP,
Interciencia,Interciencia Association,0378-1844,0.248,4,ECOLOGY,VE ,
Ciência Florestal,Universidade Federal de Santa Maria,0103-9954,0.244,4,FORESTRY,BR,
Neurology Asia,ASEAN Neurological Association,1823-6138,0.244,4,CLINICAL NEUROLOGY,MY,
Journal of the Brazilian Society of Mechanical,The Brazilian Society of Mechanical S,1678-5878,0.239,4,"ENGINEERING, MECHANICAL",BR,
Neural Regeneration Research,Medknow Publications,1673-5374,0.234,4,NEUROSCIENCES,IN,
Revista Mexicana de Ciencias Pecuarias,Instituto Nacional de Investigaciones,2007-1124,0.231,4,"AGRICULTURE, DAIRY & ANIMAL ,,",MX,
Analele Stiintifice ale Universitatii Ovidius Co,"Ovidius University, Constanta",1224-1784,0.23,4,MATHEMATICS,RO,
Veterinaria Mexico,Universidad Nacional Autónoma de,0301-5092,0.226,4,VETERINARY SCIENCES,MX,
Turkish Journal of Rheumatology,Turkish League Against Rheumatism (,1309-0291,0.225,4,RHEUMATOLOGY,TR,
Journal of the South African Institution of Civi,South African Institution of Civil Engin,1021-2019,0.222,4,"ENGINEERING, CIVIL",ZA,
Bulletin of Clinical Psychopharmacology - Klin,Kure Iletisim Grubu A S,1017-7833,0.22,4,PSYCHIATRY,TR,
Dyna,Universidad Nacional de Colombia,0012-7353,0.217,4,"ENGINEERING, MULITDISCIPLINARY",CO,
Contemporary Oncology,Termedia Publishing House,1428-2526,0.215,4,ONCOLOGY,PO,
Acta Endocrinologica (Bucharest),Editura Academiei Române,1841-0987,0.21,4,ENDOCRINOLOGY & METABOLIS ,RO,
Caldasia : Boletín del Instituto de Ciencias Na,Universidad Nacional de Colombia,0366-5232,0.203,4,PLANT SCIENCES,CO,
Revista Científica,Universidad del Zulia,0798-2259,0.202,4,VETERINARY SCIENCES,VE ,
Israel Journal of Veterinary Medicine,Israel Veterinary Medical Association,0334-9152,0.2,4,VETERINARY SCIENCES,IL,
Arquivo Brasileiro de Medicina Veterinária e,Universidade Federal de Minas Gerai,0102-0935,0.198,4,VETERINARY SCIENCES,BR,
Journal of Physical Therapy Science,Society of Physical Therapy Science,0915-5287,0.198,4,REHABILITATION,JP,
Chemické listy - [vyd. Československá společn,Association of Czech Chemical Societi,0009-2770,0.196,4,"CHEMISTRY, MULITDISCIPLINARYAR",CZ,
"CT&F - Ciencia, Tecnología y Futuro",Instituto Colombiano del Petróleo (IC,0122-5383,0.194,4,"ENGINEERING, PETROLEUM",CO,
Baltica : An International Yearbook for Quate,Lithuanian Academy of Sciences,0067-3064,0.193,4,GEOLOGY,LT,
Turkish Journal of Geriatrics,"Geriatrics Society, Ankara",1304-2947,0.185,4,GERIATRICS & GERONTOLOGY,TR,
Semina : Ciências Agrárias,Universidade Estadual de Londrina,1676-546X,0.182,4,"AGRICULTURE, MULITDISCIPLINARY",BR,
International Journal of Hematology and Onc,Akademi Doktorlar Yayinevi,1306-133X,0.181,4,ONCOLOGY,TR,
Revista Colombiana de Estadística,Universidad Nacional de Colombia,0120-1751,0.179,4,STATISTICS & PROBABILITY,CO,
Engenharia Sanitaria e Ambiental,Brazilian Association of Sanitary and,1413-4152,0.177,4,WATER RESOURCES,BR,
Iranian Journal of Radiology,Tehran University of Medical Science,1735-1065,0.177,4,"RADIOLOGY, NUCLEAR MEDICIN",IR,
Aquichan,Universidad de La Sabana,1657-5997,0.175,4,NURSING,CO,
Custos e @gronegócio Online,Universidade Federal Rural de Perna,1808-2882,0.175,4,"AGRICULTURAL ECONOMICS & P,  B ",BR,
Journal of Nepal Medical Association,Nepal Medical Association,0028-2715,0.174,4,"MEDICINE, GENERAL & INTERNA ,  , ",NP,
Signa Vitae,Pharmamed Mado,1334-5605,0.173,4,EMERGENCY MEDICINE,HR,
Türk Biyokimya Dergisi,Turkish Biochemical Society,0250-4685,0.173,4,"BIOCHEMISTRY & MOLECULAR B, ,",TR,
Srpski Arhiv za Celokupno Lekarstvo,Serbian Medical Society,0370-8179,0.169,4,"MEDICINE, GENERAL & INTERNA  ",RS,
Balkan Journal of Medical Genetics,Versita,1311-0160,0.167,4,GENETICS & HEREDITY,MK,
Revista International de Medicina y Ciencias,CV Ciencias del Deporte RedIRIS,1577-0354,0.167,4,SPORT SCIENCES,ES,
Revista Colombiana de Ciencias Pecuarias,Universidad de Antioquia,0120-0690,0.165,4,"AGRICULTURE, DAIRY & ANIMAL  , ",CO,
Revista Brasileira de Oftalmologia,Sociedade Brasileira de Oftalmologia,0034-7280,0.163,4,OPHTHALMOLOGY,BR,
Revista Brasileira de Medicina do Esporte,Sociedade Brasileira de Medicina do,1517-8692,0.16,4,SPORT SCIENCES,BR,
Acta Ortopédica Brasileira,Sociedade Brasileira de Ortopedia e T,1413-7852,0.156,4,ORTHOPEDICS,BR,
International Journal of Human Genetics,"Kamla-Raj Enterprises, Delhi",0972-3757,0.155,4,GENETICS & HEREDITY,IN,
Acta Scientiae Veterinariae,Universidade Federal do Rio Grande,1678-0345,0.154,4,VETERINARY SCIENCES,BR,
Hong Kong Journal of Emergency Medicine,Medcom Limited,1024-9079,0.154,4,EMERGENCY MEDICINE,HK,
Publications de l'Institut Mathématique.,Serbian Academy of Sciences and Art,0350-1302,0.152,4,MATHEMATICS,RS,
Acta Veterinaria,"Faculty of Veterinary Medicine, Belgr",0567-8315,0.133,4,VETERINARY SCIENCES,RS,
Cuadernos de Desarrollo Rural,Pontificia Universidad Javeriana,0122-1450,0.132,4,"AGRICULTURE, MULITDISCIPLINARY",CO,
Dynamis : Acta Hispanica ad Medicinae Scien,"Universidad de Granada, Unversitat A",0211-9536,0.132,4,"HISTORY & PHILOSOPHY OF SCIE   ,   ",ES,
Nöropsikiyatri Arşivi,Galenos Yayicilik,1300-0667,0.132,4,CLINICAL NEUROLOGY,TR,
Bulletin of the Geological Society of Finland,The Geological Society of Finland,0367-5211,0.118,4,GEOLOGY,FI,
Soldagem & Inspeção,Associação Brasileira de Soldagem,0104-9224,0.111,4,METALLURGY & METALLURGICA ,BR,
Hong Kong Journal of Paediatrics,Medcom Limited,1013-9923,0.106,4,PEDIATRICS,HK,
Rem : Revista Escola de Minas,Escola de Minas,0370-4467,0.103,4,METALLURGY & METALLURGICA ,BR,
Pakistan Journal of Medical Sciences Online,Professional Medical Publications,1682-024X,0.098,4,"MEDICINE, GENERAL & INTERNA  ",PK,
Ingeniería e Investigación,Universidad Nacional de Colombia,0120-5609,0.094,4,"ENGINEERING, MULITDISCIPLINARY",CO,
Contributions to Discrete Mathematics,University of Calgary,1715-0868,0.083,4,MATHEMATICS,CA,
Türkiye Fiziksel Tip ve Rehabilitasyon Dergisi,Galenos Yayincilik,1302-0234,0.082,4,REHABILITATION,TR,
Acta Bioquímica Clínica Latinoamericana,Federación Bioquímica de la Provinci,0325-2957,0.073,4,MEDICAL LABORATORY TECHNO ,AR,
Advances in Interventional Cardiology,Termedia Publishing House,1734-9338,0.066,4,CARDIAC & CARDIOVASCULAR S,PO,
Revista de la Facultad de Agronomía,Universidad del Zulia,0378-7818,0.065,4,AGRONOMY,VE ,
Acta Montanistica Slovaca,Technical University of Kosice,1335-1788,0.053,4,MINING & MINERAL PROCESSIN,SK,
Anthropologist,"Kamla-Raj Enterprises, Delhi",0972-0073,0.051,4,MULITDISCIPLINARY SCIENCES,IN,
Agrociencia,Colegio de Postgraduados,1405-3195,0.049,4,"AGRICULTURE, MULITDISCIPLINARY",MX,
Turkderm,Galenos Yayincilik,1019-214X,0.045,4,DERMATOLOGY,TR,
